street,facing_bet,pot_size,to_call,pot_odds,bet_to_pot,hero_position,villain_position,is_ip,hand_category,hand_rank,is_made_hand,is_strong_made,is_monster,has_flush_draw,has_straight_draw,draw_outs,is_monotone,is_two_tone,is_rainbow,is_paired,is_double_paired,connectivity_score,high_card_rank,danger_score,flush_danger,straight_danger,raw_equity,equity_vs_range,better_hand_pct,worse_hand_pct,equity_margin,spr,is_3bet_pot,villain_aggression_count,villain_checked_back,villain_call_count,num_opponents,villain_top_pair_plus_pct,villain_draw_pct,villain_air_pct,villain_range_capped,board_favour,num_callers_to_bet,facing_raise,action
2,1,133.0,53.0,0.284946,0.398496,2,5,1,10,2.62,1,1,0,0,0,0,0,1,0,1,1,2,8,0.7564,0.4864,0.0,0.463,0.463,0.224679,0.769084,0.178054,0.7519,0,0,1,1,2,0.6789,0.0,0.3172,1,-0.3789,0,1,CALL
1,1,133.0,53.0,0.284946,0.398496,1,5,1,2,0.44,0,0,0,0,0,0,0,0,1,0,0,7,11,0.58,0.0,0.5,0.11,0.11,0.605016,0.321832,-0.174946,0.7519,0,0,1,1,2,0.5392,0.1078,0.1471,1,-0.2392,0,1,FOLD
2,1,133.0,53.0,0.284946,0.398496,3,1,1,10,2.3075,1,1,0,0,0,0,0,1,0,1,0,4,13,0.9064,0.4864,0.3,0.21325,0.21325,0.42437,0.573529,-0.071696,0.7519,0,1,1,0,2,0.9247,0.0,0.0503,0,-0.6247,0,1,FOLD
2,1,133.0,53.0,0.284946,0.398496,3,2,1,1,0.34,0,0,0,0,0,0,0,0,1,1,0,4,13,0.57,0.0,0.3,0.08075,0.08075,0.583529,0.282353,-0.204196,0.7519,0,1,1,0,2,0.8488,0.0,0.1512,0,-0.5488,0,1,FOLD
2,1,133.0,53.0,0.284946,0.398496,2,5,1,10,2.6675,1,1,0,0,0,0,0,1,0,0,0,4,13,0.7564,0.4864,0.3,0.6915,0.6915,0.144717,0.854946,0.406554,0.7519,0,0,1,1,2,0.5017,0.0,0.4128,1,-0.2017,0,1,CALL
2,1,133.0,53.0,0.284946,0.398496,2,5,1,1,0.33,0,0,0,0,0,0,0,0,1,1,0,5,12,0.57,0.0,0.3,0.0115,0.0115,0.895318,0.091657,-0.273446,0.7519,0,0,1,1,2,0.7283,0.0,0.2717,1,-0.4283,0,1,FOLD
2,1,133.0,53.0,0.284946,0.398496,2,5,1,1,0.33,0,0,0,0,1,8,0,1,0,1,0,8,12,1.0,0.4864,0.8,0.0005,0.0005,0.931372,0.068323,-0.284446,0.7519,0,0,1,1,2,0.8367,0.0,0.1633,1,-0.5367,0,1,FOLD
2,1,133.0,53.0,0.284946,0.398496,1,5,1,10,2.605,1,1,0,0,0,0,0,1,0,1,0,2,12,0.7564,0.4864,0.0,0.3895,0.3895,0.392268,0.592437,0.104554,0.7519,0,0,1,1,2,0.8944,0.0,0.083,1,-0.5944,0,1,CALL
1,1,133.0,53.0,0.284946,0.398496,3,1,1,1,0.32,0,0,0,1,1,13,0,0,1,1,0,2,11,0.38,0.0,0.0,0.222,0.222,0.754881,0.180043,-0.062946,0.7519,0,1,1,0,2,0.7261,0.0234,0.2505,0,-0.4261,0,1,CALL
1,1,133.0,53.0,0.284946,0.398496,1,5,1,2,0.44,0,0,0,1,0,9,0,0,1,1,0,4,9,0.53,0.0,0.3,0.341,0.341,0.442194,0.486926,0.056054,0.7519,0,0,1,1,2,0.7197,0.0625,0.2178,1,-0.4197,0,1,CALL
1,1,186.0,53.0,0.221757,0.284946,3,1,1,2,0.43,0,0,0,0,0,0,0,0,1,1,0,4,9,0.53,0.0,0.3,0.09075,0.09075,0.652079,0.328228,-0.131007,0.5376,0,1,1,0,2,0.6697,0.0494,0.2809,0,-0.3697,0,1,FOLD
2,1,133.0,53.0,0.284946,0.398496,3,1,1,5,1.19,1,0,0,0,0,0,0,1,0,0,0,7,14,0.77,0.4864,0.5,0.05625,0.05625,0.596659,0.389021,-0.228696,0.7519,0,1,1,0,2,0.8644,0.0,0.0402,0,-0.5644,0,1,FOLD
0,1,133.0,53.0,0.284946,0.398496,3,2,1,1,0.34,0,0,0,0,0,0,0,0,1,1,0,2,9,0.15,0.0,0.0,0.1815,0.1815,0.546638,0.433839,-0.103446,0.7519,0,1,0,0,2,0.6575,0.0201,0.3223,0,-0.3575,0,1,FOLD
2,1,133.0,53.0,0.284946,0.398496,3,2,1,8,1.324,1,0,0,0,0,0,0,0,1,0,0,9,11,0.92,0.0,0.8,0.5775,0.5775,0.214286,0.771429,0.292554,0.7519,0,1,1,0,2,0.7191,0.0,0.2232,0,-0.4191,0,1,CALL
0,1,133.0,53.0,0.284946,0.398496,3,2,1,4,0.97,1,0,0,0,0,0,0,1,0,0,0,2,9,0.25,0.25,0.0,0.3095,0.3095,0.25102,0.746939,0.024554,0.7519,0,1,0,0,2,0.2758,0.5145,0.0839,0,0.0242,0,1,CALL
2,1,133.0,53.0,0.284946,0.398496,3,2,1,4,0.94,1,0,0,0,1,8,0,1,0,0,0,10,10,1.0,0.4864,0.8,0.08525,0.08525,0.740343,0.257511,-0.199696,0.7519,0,1,1,0,2,0.8901,0.0,0.0872,0,-0.5901,0,1,FOLD
1,1,133.0,53.0,0.284946,0.398496,2,5,1,10,2.68,1,1,0,0,0,0,0,0,1,1,0,8,13,1.0,0.0,0.8,0.344,0.344,0.29582,0.681766,0.059054,0.7519,0,0,1,1,2,0.7933,0.1454,0.0613,1,-0.4933,0,1,CALL
0,1,133.0,53.0,0.284946,0.398496,2,5,1,2,0.44,0,0,0,0,0,0,0,0,1,0,0,7,7,0.5,0.0,0.5,0.25525,0.25525,0.568158,0.376103,-0.029696,0.7519,0,0,0,1,2,0.4394,0.0796,0.3309,1,-0.1394,0,1,FOLD
2,1,133.0,53.0,0.284946,0.398496,2,5,1,10,2.6725,1,1,0,0,0,0,0,0,1,1,1,2,13,0.27,0.0,0.0,0.49275,0.49275,0.201824,0.784974,0.207804,0.7519,0,0,1,1,2,0.7506,0.0,0.2481,1,-0.4506,0,1,CALL
2,1,133.0,53.0,0.284946,0.398496,3,2,1,4,0.93,1,0,0,0,0,0,0,1,0,0,0,7,14,0.77,0.4864,0.5,0.0215,0.0215,0.791383,0.206349,-0.263446,0.7519,0,1,1,0,2,0.742,0.0,0.1573,0,-0.442,0,1,FOLD
1,1,133.0,53.0,0.284946,0.398496,3,2,1,10,2.4625,1,1,0,0,0,0,0,0,1,1,0,4,10,0.53,0.0,0.3,0.2585,0.2585,0.347162,0.622271,-0.026446,0.7519,0,1,1,0,2,0.7469,0.0509,0.2022,0,-0.4469,0,1,FOLD
2,1,133.0,53.0,0.284946,0.398496,3,1,1,1,0.34,0,0,0,0,1,4,0,0,1,1,0,7,13,0.77,0.0,0.5,0.06625,0.06625,0.639423,0.165865,-0.218696,0.7519,0,1,1,0,2,0.9134,0.0,0.0866,0,-0.6134,0,1,FOLD
2,1,133.0,53.0,0.284946,0.398496,3,2,1,6,1.351,1,0,0,0,0,0,0,1,0,0,0,4,14,0.7564,0.4864,0.3,0.43325,0.43325,0.225806,0.759305,0.148304,0.7519,0,1,1,0,2,0.6253,0.0,0.2724,0,-0.3253,0,1,CALL
0,1,133.0,53.0,0.284946,0.398496,3,1,1,4,0.97,1,0,0,0,0,0,0,0,1,0,0,2,10,0.0,0.0,0.0,0.33775,0.33775,0.224242,0.773737,0.052804,0.7519,0,1,0,0,2,0.4735,0.0,0.3593,0,-0.1735,0,1,CALL
2,1,133.0,53.0,0.284946,0.398496,2,5,1,10,2.7325,1,1,0,0,0,0,0,0,1,1,0,4,13,0.57,0.0,0.3,0.539,0.539,0.196736,0.795861,0.254054,0.7519,0,0,1,1,2,0.7929,0.0,0.2071,1,-0.4929,0,1,CALL
1,1,133.0,53.0,0.284946,0.398496,0,5,1,2,0.43,0,0,0,0,1,4,0,0,1,1,0,7,8,0.73,0.0,0.5,0.10775,0.10775,0.860574,0.138916,-0.177196,0.7519,0,0,1,1,2,0.7049,0.0301,0.265,1,-0.4049,0,1,FOLD
1,0,80.0,0.0,0.0,0.0,5,1,0,12,3.58,1,1,1,0,0,0,0,0,1,0,0,7,11,0.58,0.0,0.5,0.7515,0.7515,0.063291,0.936709,0.7515,1.25,0,1,1,0,2,0.383,0.0851,0.2766,0,-0.083,0,0,BET
1,0,80.0,0.0,0.0,0.0,5,0,0,15,6.265,1,1,1,0,0,0,0,0,1,1,0,7,8,0.73,0.0,0.5,0.93475,0.93475,0.01165,0.98835,0.93475,1.25,0,1,1,0,2,0.3421,0.0263,0.6316,0,-0.0421,0,0,BET
2,0,80.0,0.0,0.0,0.0,3,1,1,13,4.12,1,1,1,0,0,0,0,0,1,0,0,5,12,0.42,0.0,0.3,0.9885,0.9885,0.0,0.980044,0.9885,1.25,0,1,1,0,2,0.2979,0.0,0.3404,0,0.0021,0,0,BET
1,0,80.0,0.0,0.0,0.0,3,2,1,12,3.52,1,1,1,0,0,0,0,0,1,0,0,2,13,0.08,0.0,0.0,0.8425,0.8425,0.017787,0.982213,0.8425,1.25,0,1,1,0,2,0.1774,0.0806,0.3226,0,0.1226,0,0,BET
2,0,80.0,0.0,0.0,0.0,3,2,1,11,3.14,1,1,1,0,0,0,0,0,1,1,0,7,14,0.77,0.0,0.5,0.773,0.773,0.068783,0.92328,0.773,1.25,0,1,1,0,2,0.6129,0.0,0.3871,0,-0.3129,0,0,BET
2,0,80.0,0.0,0.0,0.0,2,3,0,13,4.14,1,1,1,0,0,0,0,1,0,0,0,7,14,0.77,0.4864,0.5,0.90425,0.90425,0.044444,0.926984,0.90425,1.25,0,0,1,1,2,0.3784,0.0,0.1081,1,-0.0784,0,0,BET
2,0,80.0,0.0,0.0,0.0,2,3,0,13,4.13,1,1,1,0,0,0,0,0,1,0,0,9,11,0.92,0.0,0.8,0.9525,0.9525,0.0,0.973529,0.9525,1.25,0,0,1,1,2,0.4595,0.0,0.2162,1,-0.1595,0,0,BET
0,0,80.0,0.0,0.0,0.0,3,2,1,12,3.57,1,1,1,0,0,0,0,0,1,0,0,2,7,0.0,0.0,0.0,0.873,0.873,0.0,1.0,0.873,1.25,0,1,0,0,2,0.1935,0.0161,0.629,0,0.1065,0,0,BET
2,0,80.0,0.0,0.0,0.0,2,3,0,11,3.13,1,1,1,0,0,0,0,0,1,1,0,4,13,0.57,0.0,0.3,0.78875,0.78875,0.083333,0.908046,0.78875,1.25,0,0,1,1,2,0.7027,0.0,0.2973,1,-0.4027,0,0,BET
1,0,80.0,0.0,0.0,0.0,2,3,0,15,6.5225,1,1,1,0,0,0,0,0,1,1,0,4,10,0.53,0.0,0.3,0.9755,0.9755,0.002899,0.997101,0.9755,1.25,0,0,1,1,2,0.5946,0.027,0.3784,1,-0.2946,0,0,BET
2,0,80.0,0.0,0.0,0.0,1,3,0,15,6.5325,1,1,1,0,0,0,0,0,1,1,0,7,13,0.77,0.0,0.5,0.93925,0.93925,0.018433,0.97235,0.93925,1.25,0,0,1,1,2,0.8387,0.0,0.1613,1,-0.5387,0,0,BET
1,0,80.0,0.0,0.0,0.0,5,2,0,13,4.13,1,1,1,0,0,0,0,0,1,1,0,8,13,1.0,0.0,0.8,0.65925,0.65925,0.070776,0.908676,0.65925,1.25,0,1,1,0,2,0.7419,0.1452,0.1129,0,-0.4419,0,0,BET
0,0,80.0,0.0,0.0,0.0,1,3,0,12,3.6,1,1,1,0,0,0,0,0,1,0,0,2,10,0.0,0.0,0.0,0.908,0.908,0.0,1.0,0.908,1.25,0,0,0,1,2,0.2581,0.0,0.4516,1,0.0419,0,0,BET
2,0,80.0,0.0,0.0,0.0,5,2,0,15,6.415,1,1,1,0,0,0,0,1,0,1,1,2,8,0.7564,0.4864,0.0,0.9515,0.9515,0.004141,0.954451,0.9515,1.25,0,1,1,0,2,0.3871,0.0,0.5806,0,-0.0871,0,0,BET
2,0,80.0,0.0,0.0,0.0,1,3,0,14,5.08,1,1,0,0,0,0,0,1,0,1,0,4,13,0.9064,0.4864,0.3,0.8035,0.8035,0.077206,0.922794,0.8035,1.25,0,0,1,1,2,0.7419,0.0,0.0323,1,-0.4419,0,0,BET
0,0,80.0,0.0,0.0,0.0,2,3,0,11,3.06,1,1,1,0,0,0,0,0,1,1,0,2,9,0.15,0.0,0.0,0.8625,0.8625,0.018041,0.979381,0.8625,1.25,0,0,0,1,2,0.4595,0.027,0.5135,1,-0.1595,0,0,BET
2,0,80.0,0.0,0.0,0.0,5,2,0,10,2.615,1,1,0,0,0,0,0,0,1,1,0,5,12,0.57,0.0,0.3,0.797,0.797,0.093478,0.893478,0.797,1.25,0,1,1,0,2,0.4839,0.0,0.5161,0,-0.1839,0,0,BET
0,0,80.0,0.0,0.0,0.0,2,3,0,12,3.55,1,1,1,0,0,0,0,1,0,0,0,2,9,0.25,0.25,0.0,0.8125,0.8125,0.007282,0.992718,0.8125,1.25,0,0,0,1,2,0.2162,0.4054,0.1081,1,0.0838,0,0,BET
2,0,80.0,0.0,0.0,0.0,5,2,0,15,6.58,1,1,1,0,0,0,0,1,0,1,0,8,12,1.0,0.4864,0.8,0.98825,0.98825,0.002242,0.993274,0.98825,1.25,0,1,1,0,2,0.7097,0.0,0.2903,0,-0.4097,0,0,BET
2,0,80.0,0.0,0.0,0.0,3,2,1,15,6.635,1,1,1,0,0,0,0,0,1,1,0,7,14,0.77,0.0,0.5,0.96825,0.96825,0.002604,0.992188,0.96825,1.25,0,1,1,0,2,0.8065,0.0,0.1935,0,-0.5065,0,0,BET
2,0,80.0,0.0,0.0,0.0,5,2,0,14,5.11,1,1,0,0,0,0,0,1,0,0,0,4,13,0.7564,0.4864,0.3,0.948,0.948,0.025974,0.974026,0.948,1.25,0,1,1,0,2,0.2097,0.0,0.3387,0,0.0903,0,0,BET
0,0,80.0,0.0,0.0,0.0,3,2,1,12,3.61,1,1,1,0,0,0,0,0,1,0,0,2,13,0.0,0.0,0.0,0.866,0.866,0.006173,0.993827,0.866,1.25,0,1,0,0,2,0.1774,0.0645,0.3548,0,0.1226,0,0,BET
1,0,80.0,0.0,0.0,0.0,5,1,0,8,1.324,1,0,0,0,1,4,0,0,0,0,0,7,11,0.58,0.0,0.5,0.687,0.687,0.09434,0.893082,0.687,1.25,0,1,1,0,2,0.2553,0.4043,0.1277,0,0.0447,0,0,BET
0,0,80.0,0.0,0.0,0.0,5,2,0,12,3.57,1,1,1,0,0,0,0,0,1,0,0,7,7,0.5,0.0,0.5,0.85125,0.85125,0.007505,0.992495,0.85125,1.25,0,1,0,0,2,0.2097,0.0484,0.5806,0,0.0903,0,0,BET
2,0,80.0,0.0,0.0,0.0,1,3,0,14,5.08,1,1,0,0,0,0,0,1,0,0,0,7,14,0.77,0.4864,0.5,0.936,0.936,0.025,0.975,0.936,1.25,0,0,1,1,2,0.4839,0.0,0.0,1,-0.1839,0,0,BET
2,0,80.0,0.0,0.0,0.0,5,1,0,14,5.14,1,1,1,0,0,0,0,1,0,1,0,2,12,0.7564,0.4864,0.0,0.9575,0.9575,0.021186,0.978814,0.9575,1.25,0,1,1,0,2,0.6809,0.0,0.1064,0,-0.3809,0,0,BET
2,0,80.0,0.0,0.0,0.0,2,3,0,14,5.14,1,1,1,0,0,0,0,1,0,0,0,10,10,1.0,0.4864,0.8,0.9875,0.9875,0.003012,0.996988,0.9875,1.25,0,0,1,1,2,0.6486,0.0,0.2703,1,-0.3486,0,0,BET
1,0,80.0,0.0,0.0,0.0,3,1,1,12,3.54,1,1,1,0,0,0,0,0,0,0,0,4,13,0.38,0.0,0.3,0.804,0.804,0.018557,0.981443,0.804,1.25,0,1,1,0,2,0.1915,0.0638,0.2553,0,0.1085,0,0,BET
0,0,80.0,0.0,0.0,0.0,3,0,1,2,0.43,0,0,0,1,1,13,0,1,0,1,0,2,11,0.4,0.25,0.0,0.4655,0.4655,0.662393,0.318376,0.4655,1.25,0,1,0,0,2,0.5526,0.0263,0.4211,0,-0.2526,0,0,CHECK
2,0,80.0,0.0,0.0,0.0,2,3,0,14,5.12,1,1,1,0,0,0,0,1,0,0,0,4,14,0.7564,0.4864,0.3,0.9815,0.9815,0.015015,0.984985,0.9815,1.25,0,0,1,1,2,0.2973,0.0,0.1351,1,0.0027,0,0,BET
1,0,80.0,0.0,0.0,0.0,5,1,0,11,3.09,1,1,1,0,0,0,0,0,1,1,0,4,9,0.53,0.0,0.3,0.87575,0.87575,0.019956,0.973392,0.87575,1.25,0,1,1,0,2,0.4255,0.0426,0.5319,0,-0.1255,0,0,BET
2,0,80.0,0.0,0.0,0.0,5,2,0,11,3.13,1,1,1,0,0,0,0,0,1,1,0,4,13,0.57,0.0,0.3,0.85875,0.85875,0.063232,0.929742,0.85875,1.25,0,1,1,0,2,0.6613,0.0,0.3387,0,-0.3613,0,0,BET
0,0,80.0,0.0,0.0,0.0,3,2,1,12,3.57,1,1,1,0,0,0,0,0,1,0,0,4,13,0.3,0.0,0.3,0.83375,0.83375,0.0125,0.9875,0.83375,1.25,0,1,0,0,2,0.1774,0.0161,0.3548,0,0.1226,0,0,BET
2,0,80.0,0.0,0.0,0.0,5,2,0,15,6.4575,1,1,1,0,0,0,0,0,1,1,1,2,13,0.27,0.0,0.0,0.92725,0.92725,0.015556,0.937778,0.92725,1.25,0,1,1,0,2,0.5645,0.0,0.4355,0,-0.2645,0,0,BET
1,0,80.0,0.0,0.0,0.0,1,3,0,16,7.08,1,1,1,0,0,0,0,0,1,1,0,2,11,0.38,0.0,0.0,0.999,0.999,0.0,1.0,0.999,1.25,0,0,1,1,2,0.5161,0.0323,0.4516,1,-0.2161,0,0,BET
2,0,80.0,0.0,0.0,0.0,3,2,1,14,5.13,1,1,1,0,0,0,0,1,0,0,0,7,13,0.77,0.4864,0.5,0.902,0.902,0.021127,0.978873,0.902,1.25,0,1,1,0,2,0.6613,0.0,0.0323,0,-0.3613,0,0,BET
2,0,80.0,0.0,0.0,0.0,3,1,1,14,5.09,1,1,0,0,0,0,0,1,0,0,0,7,14,0.77,0.4864,0.5,0.9755,0.9755,0.023419,0.976581,0.9755,1.25,0,1,1,0,2,0.2766,0.0,0.234,0,0.0234,0,0,BET
2,0,80.0,0.0,0.0,0.0,2,3,0,0,0.19,0,0,0,0,0,0,0,0,1,1,0,8,10,1.0,0.0,0.8,0.0015,0.0015,0.959391,0.032995,0.0015,1.25,0,0,1,1,2,0.6486,0.0,0.3514,1,-0.3486,0,0,CHECK
2,0,80.0,0.0,0.0,0.0,5,0,0,2,0.43,0,0,0,0,1,4,0,1,0,1,0,7,9,0.92,0.4864,0.5,0.0265,0.0265,0.813596,0.166667,0.0265,1.25,0,1,1,0,2,0.5,0.0,0.5,0,-0.2,0,0,CHECK
1,0,80.0,0.0,0.0,0.0,1,3,0,1,0.34,0,0,0,0,0,0,0,1,0,0,0,4,11,0.7454,0.5154,0.3,0.07775,0.07775,0.707113,0.259414,0.07775,1.25,0,0,1,1,2,0.2903,0.0645,0.3548,1,0.0097,0,0,CHECK
2,0,80.0,0.0,0.0,0.0,2,3,0,2,0.43,0,0,0,0,1,4,0,1,0,0,0,7,8,0.77,0.4864,0.5,0.022,0.022,0.700265,0.278515,0.022,1.25,0,0,1,1,2,0.4054,0.0,0.4054,1,-0.1054,0,0,CHECK
2,0,80.0,0.0,0.0,0.0,2,3,0,10,2.7125,1,1,0,0,0,0,0,1,0,1,0,7,14,0.92,0.4864,0.5,0.05125,0.05125,0.728395,0.268519,0.05125,1.25,0,0,1,1,2,0.8649,0.0,0.1351,1,-0.5649,0,0,CHECK
2,0,80.0,0.0,0.0,0.0,2,3,0,1,0.34,0,0,0,0,1,4,0,0,1,0,0,9,12,0.92,0.0,0.8,0.0415,0.0415,0.665698,0.30814,0.0415,1.25,0,0,1,1,2,0.4054,0.0,0.2973,1,-0.1054,0,0,CHECK
1,0,80.0,0.0,0.0,0.0,3,2,1,1,0.34,0,0,0,0,0,0,0,0,1,0,0,7,10,0.58,0.0,0.5,0.03775,0.03775,0.736018,0.217002,0.03775,1.25,0,1,1,0,2,0.2903,0.0645,0.3226,0,0.0097,0,0,CHECK
2,0,80.0,0.0,0.0,0.0,3,0,1,4,0.98,1,0,0,0,1,4,0,1,0,0,0,7,14,0.77,0.4864,0.5,0.028,0.028,0.754137,0.243499,0.028,1.25,0,1,1,0,2,0.5789,0.0,0.0,0,-0.2789,0,0,CHECK
2,0,80.0,0.0,0.0,0.0,5,2,0,0,0.21,0,0,0,0,1,4,0,1,0,1,0,2,14,0.7564,0.4864,0.0,0.009,0.009,0.880184,0.062212,0.009,1.25,0,1,1,0,2,0.7419,0.0,0.2581,0,-0.4419,0,0,CHECK
1,0,80.0,0.0,0.0,0.0,1,3,0,0,0.23,0,0,0,0,0,0,0,1,0,0,0,7,14,0.7454,0.5154,0.5,0.058,0.058,0.682008,0.284519,0.058,1.25,0,0,1,1,2,0.4839,0.0323,0.0,1,-0.1839,0,0,CHECK
2,0,80.0,0.0,0.0,0.0,2,3,0,0,0.23,0,0,0,0,1,4,0,0,1,0,0,7,14,0.62,0.0,0.5,0.00175,0.00175,0.936306,0.035032,0.00175,1.25,0,0,1,1,2,0.3514,0.0,0.0541,1,-0.0514,0,0,CHECK
0,0,80.0,0.0,0.0,0.0,3,2,1,0,0.2,0,0,0,0,0,0,0,1,0,0,0,2,14,0.25,0.25,0.0,0.045,0.045,0.833693,0.146868,0.045,1.25,0,1,0,0,2,0.1452,0.0,0.4839,0,0.1548,0,0,CHECK
2,0,80.0,0.0,0.0,0.0,5,1,0,1,0.34,0,0,0,0,0,0,0,1,0,0,0,7,13,0.77,0.4864,0.5,0.06525,0.06525,0.717241,0.264368,0.06525,1.25,0,1,1,0,2,0.5532,0.0,0.0638,0,-0.2532,0,0,CHECK
2,0,80.0,0.0,0.0,0.0,2,3,0,0,0.23,0,0,0,0,0,0,0,1,0,0,0,4,14,0.7564,0.4864,0.3,0.01025,0.01025,0.801136,0.193182,0.01025,1.25,0,0,1,1,2,0.4865,0.0,0.027,1,-0.1865,0,0,CHECK
2,0,80.0,0.0,0.0,0.0,5,2,0,1,0.34,0,0,0,0,1,4,0,0,1,0,0,10,10,0.92,0.0,0.8,0.01525,0.01525,0.826966,0.098876,0.01525,1.25,0,1,1,0,2,0.5645,0.0,0.2097,0,-0.2645,0,0,CHECK
2,0,80.0,0.0,0.0,0.0,1,3,0,0,0.17,0,0,0,0,1,4,0,0,1,0,0,7,13,0.62,0.0,0.5,0.0005,0.0005,0.97541,0.012295,0.0005,1.25,0,0,1,1,2,0.3871,0.0,0.129,1,-0.0871,0,0,CHECK
2,0,80.0,0.0,0.0,0.0,5,2,0,1,0.34,0,0,0,0,0,0,0,1,0,1,0,4,13,0.9064,0.4864,0.3,0.07525,0.07525,0.673563,0.206897,0.07525,1.25,0,1,1,0,2,0.6613,0.0,0.3387,0,-0.3613,0,0,CHECK
2,0,80.0,0.0,0.0,0.0,2,3,0,2,0.43,0,0,0,0,1,4,0,1,0,0,0,9,10,1.0,0.4864,0.8,0.00175,0.00175,0.919075,0.057803,0.00175,1.25,0,0,1,1,2,0.4595,0.0,0.2973,1,-0.1595,0,0,CHECK
2,0,80.0,0.0,0.0,0.0,5,2,0,0,0.2,0,0,0,0,1,4,0,0,1,0,0,5,13,0.42,0.0,0.3,0.00725,0.00725,0.88913,0.091304,0.00725,1.25,0,1,1,0,2,0.2097,0.0,0.3548,0,0.0903,0,0,CHECK
2,0,80.0,0.0,0.0,0.0,3,2,1,1,0.34,0,0,0,0,1,4,0,1,0,0,0,2,13,0.6064,0.4864,0.0,0.0555,0.0555,0.681499,0.299766,0.0555,1.25,0,1,1,0,2,0.2581,0.0,0.3065,0,0.0419,0,0,CHECK
2,0,80.0,0.0,0.0,0.0,2,3,0,1,0.34,0,0,0,0,1,4,0,0,1,0,0,7,13,0.62,0.0,0.5,0.031,0.031,0.759259,0.212963,0.031,1.25,0,0,1,1,2,0.3243,0.0,0.2432,1,-0.0243,0,0,CHECK
2,0,80.0,0.0,0.0,0.0,5,2,0,0,0.19,0,0,0,0,1,4,0,0,1,1,0,2,11,0.27,0.0,0.0,0.00075,0.00075,0.959402,0.021368,0.00075,1.25,0,1,1,0,2,0.5161,0.0,0.4839,0,-0.2161,0,0,CHECK
2,0,80.0,0.0,0.0,0.0,2,3,0,0,0.22,0,0,0,0,0,0,0,0,1,1,0,7,14,0.77,0.0,0.5,0.02025,0.02025,0.810345,0.163793,0.02025,1.25,0,0,1,1,2,0.7297,0.0,0.2703,1,-0.4297,0,0,CHECK
2,0,80.0,0.0,0.0,0.0,5,1,0,0,0.16,0,0,0,0,0,0,0,1,0,1,1,4,12,0.9064,0.4864,0.3,0.009,0.009,0.828452,0.0,0.009,1.25,0,1,1,0,2,0.5532,0.0,0.4468,0,-0.2532,0,0,CHECK
2,0,80.0,0.0,0.0,0.0,1,3,0,0,0.2,0,0,0,0,0,0,0,0,1,0,0,9,13,0.92,0.0,0.8,0.00025,0.00025,0.976744,0.011628,0.00025,1.25,0,0,1,1,2,0.3226,0.0,0.3226,1,-0.0226,0,0,CHECK
2,0,80.0,0.0,0.0,0.0,5,2,0,4,0.96,1,0,0,0,1,4,0,1,0,0,0,8,14,1.0,0.4864,0.8,0.046,0.046,0.766292,0.231461,0.046,1.25,0,1,1,0,2,0.5161,0.0,0.0323,0,-0.2161,0,0,CHECK
2,0,80.0,0.0,0.0,0.0,1,3,0,2,0.43,0,0,0,0,0,0,0,1,0,0,0,5,11,0.7564,0.4864,0.3,0.00525,0.00525,0.877049,0.090164,0.00525,1.25,0,0,1,1,2,0.2903,0.0,0.3871,1,0.0097,0,0,CHECK
0,0,80.0,0.0,0.0,0.0,3,1,1,1,0.34,0,0,0,0,0,0,0,1,0,0,0,2,10,0.25,0.25,0.0,0.08325,0.08325,0.684435,0.296375,0.08325,1.25,0,1,0,0,2,0.2766,0.0,0.4681,0,0.0234,0,0,CHECK
2,0,80.0,0.0,0.0,0.0,3,1,1,2,0.43,0,0,0,0,0,0,0,0,1,1,0,7,11,0.77,0.0,0.5,0.05925,0.05925,0.699332,0.280624,0.05925,1.25,0,1,1,0,2,0.4894,0.0,0.5106,0,-0.1894,0,0,CHECK
2,0,80.0,0.0,0.0,0.0,5,2,0,4,0.93,1,0,0,0,1,4,0,1,0,0,0,9,13,1.0,0.4864,0.8,0.04125,0.04125,0.751579,0.246316,0.04125,1.25,0,1,1,0,2,0.6452,0.0,0.0484,0,-0.3452,0,0,CHECK
1,0,80.0,0.0,0.0,0.0,2,3,0,0,0.17,0,0,0,0,0,0,0,0,0,1,0,4,14,0.53,0.0,0.3,0.024,0.024,0.95493,0.03662,0.024,1.25,0,0,1,1,2,0.7568,0.027,0.2162,1,-0.4568,0,0,CHECK
2,0,80.0,0.0,0.0,0.0,0,3,0,0,0.22,0,0,0,0,1,4,0,0,1,0,0,5,14,0.42,0.0,0.3,0.0,0.0,0.964286,0.017857,0.0,1.25,0,0,1,1,2,0.4,0.0,0.05,1,-0.1,0,0,CHECK
2,0,80.0,0.0,0.0,0.0,2,3,0,1,0.34,0,0,0,0,0,0,0,1,0,1,0,2,13,0.7564,0.4864,0.0,0.042,0.042,0.66967,0.303303,0.042,1.25,0,0,1,1,2,0.7027,0.0,0.2973,1,-0.4027,0,0,CHECK
2,0,80.0,0.0,0.0,0.0,5,2,0,0,0.2,0,0,0,0,1,4,0,1,0,0,0,4,14,0.7564,0.4864,0.3,0.00125,0.00125,0.953488,0.025581,0.00125,1.25,0,1,1,0,2,0.2581,0.0,0.1935,0,0.0419,0,0,CHECK
2,0,80.0,0.0,0.0,0.0,5,2,0,1,0.34,0,0,0,0,0,0,0,0,1,0,0,5,13,0.42,0.0,0.3,0.01925,0.01925,0.778291,0.117783,0.01925,1.25,0,1,1,0,2,0.2903,0.0,0.1935,0,0.0097,0,0,CHECK
1,0,80.0,0.0,0.0,0.0,3,2,1,1,0.34,0,0,0,0,0,0,0,0,1,0,0,7,12,0.58,0.0,0.5,0.0405,0.0405,0.786047,0.109302,0.0405,1.25,0,1,1,0,2,0.3065,0.2742,0.0323,0,-0.0065,0,0,CHECK
2,0,80.0,0.0,0.0,0.0,0,3,0,0,0.23,0,0,0,0,0,0,0,1,0,1,0,5,14,0.9064,0.4864,0.3,0.02125,0.02125,0.784884,0.168605,0.02125,1.25,0,0,1,1,2,0.7,0.0,0.3,1,-0.4,0,0,CHECK
1,0,80.0,0.0,0.0,0.0,2,3,0,2,0.42,0,0,0,0,0,0,0,1,0,1,0,5,7,0.8954,0.5154,0.3,0.05175,0.05175,0.79845,0.180879,0.05175,1.25,0,0,1,1,2,0.4865,0.027,0.4865,1,-0.1865,0,0,CHECK
2,0,80.0,0.0,0.0,0.0,0,3,0,2,0.42,0,0,0,0,1,4,0,0,1,1,0,4,10,0.57,0.0,0.3,0.00075,0.00075,0.915344,0.037037,0.00075,1.25,0,0,1,1,2,0.65,0.0,0.35,1,-0.35,0,0,CHECK
0,0,80.0,0.0,0.0,0.0,3,2,1,4,0.92,1,0,0,0,0,0,0,1,0,0,0,4,13,0.45,0.25,0.3,0.15975,0.15975,0.451485,0.546535,0.15975,1.25,0,1,0,0,2,0.1774,0.3065,0.129,0,0.1226,0,0,CHECK
0,0,80.0,0.0,0.0,0.0,3,1,1,2,0.41,0,0,0,0,0,0,0,1,0,0,0,7,7,0.65,0.25,0.5,0.15025,0.15025,0.880325,0.10142,0.15025,1.25,0,1,0,0,2,0.234,0.0426,0.617,0,0.066,0,0,CHECK
0,0,80.0,0.0,0.0,0.0,3,2,1,1,0.34,0,0,0,0,0,0,0,1,0,0,0,2,13,0.25,0.25,0.0,0.14625,0.14625,0.618026,0.362661,0.14625,1.25,0,1,0,0,2,0.1613,0.0161,0.4194,0,0.1387,0,0,CHECK
0,0,80.0,0.0,0.0,0.0,3,2,1,0,0.16,0,0,0,0,0,0,0,1,0,0,0,2,13,0.25,0.25,0.0,0.12225,0.12225,0.949597,0.032258,0.12225,1.25,0,1,0,0,2,0.1452,0.0645,0.3548,0,0.1548,0,0,CHECK
0,0,80.0,0.0,0.0,0.0,3,2,1,2,0.44,0,0,0,0,0,0,0,1,0,0,0,2,10,0.25,0.25,0.0,0.17775,0.17775,0.449679,0.531049,0.17775,1.25,0,1,0,0,2,0.1935,0.0,0.5484,0,0.1065,0,0,CHECK
0,0,80.0,0.0,0.0,0.0,3,1,1,1,0.33,0,0,0,0,0,0,0,1,0,0,0,2,12,0.25,0.25,0.0,0.1535,0.1535,0.700624,0.286902,0.1535,1.25,0,1,0,0,2,0.1702,0.0,0.4894,0,0.1298,0,0,CHECK
0,0,80.0,0.0,0.0,0.0,2,3,0,4,0.95,1,0,0,0,0,0,0,1,0,0,0,2,14,0.25,0.25,0.0,0.1825,0.1825,0.578534,0.418848,0.1825,1.25,0,0,0,1,2,0.2162,0.0,0.2973,1,0.0838,0,0,CHECK
0,0,80.0,0.0,0.0,0.0,1,3,0,2,0.43,0,0,0,0,0,0,0,1,0,0,0,7,6,0.65,0.25,0.5,0.158,0.158,0.650735,0.316176,0.158,1.25,0,0,0,1,2,0.2903,0.4839,0.0968,1,0.0097,0,0,CHECK
0,0,80.0,0.0,0.0,0.0,2,3,0,1,0.34,0,0,0,0,0,0,0,1,0,0,0,4,12,0.45,0.25,0.3,0.16075,0.16075,0.559889,0.415042,0.16075,1.25,0,0,0,1,2,0.2703,0.0541,0.3514,1,0.0297,0,0,CHECK
0,0,80.0,0.0,0.0,0.0,1,3,0,1,0.34,0,0,0,0,0,0,0,1,0,0,0,2,11,0.25,0.25,0.0,0.1635,0.1635,0.641975,0.320988,0.1635,1.25,0,0,0,1,2,0.2581,0.0323,0.4194,1,0.0419,0,0,CHECK
0,0,80.0,0.0,0.0,0.0,5,2,0,4,0.96,1,0,0,0,0,0,0,1,0,0,0,2,14,0.25,0.25,0.0,0.14025,0.14025,0.561331,0.43659,0.14025,1.25,0,1,0,0,2,0.1935,0.2419,0.0484,0,0.1065,0,0,CHECK
0,0,80.0,0.0,0.0,0.0,5,2,0,1,0.34,0,0,0,0,0,0,0,1,0,0,0,7,10,0.65,0.25,0.5,0.109,0.109,0.617155,0.364017,0.109,1.25,0,1,0,0,2,0.2742,0.1452,0.3548,0,0.0258,0,0,CHECK
0,0,80.0,0.0,0.0,0.0,0,3,0,2,0.43,0,0,0,0,0,0,0,0,1,1,0,2,9,0.15,0.0,0.0,0.166,0.166,0.742424,0.212121,0.166,1.25,0,0,0,1,2,0.5,0.0,0.5,1,-0.2,0,0,CHECK
0,0,80.0,0.0,0.0,0.0,3,2,1,4,0.99,1,0,0,0,0,0,0,1,0,0,0,2,11,0.25,0.25,0.0,0.38525,0.38525,0.178645,0.819302,0.38525,1.25,0,1,0,0,2,0.1774,0.0,0.5968,0,0.1226,0,0,BET
0,0,80.0,0.0,0.0,0.0,3,1,1,10,2.4625,1,1,0,0,0,0,0,1,0,1,0,2,9,0.4,0.25,0.0,0.332,0.332,0.212679,0.785276,0.332,1.25,0,1,0,0,2,0.3617,0.0,0.6383,0,-0.0617,0,0,BET
0,0,80.0,0.0,0.0,0.0,3,2,1,2,0.44,0,0,0,0,0,0,0,1,0,0,0,2,11,0.25,0.25,0.0,0.23175,0.23175,0.382979,0.597872,0.23175,1.25,0,1,0,0,2,0.1774,0.0,0.5968,0,0.1226,0,0,CHECK
0,0,80.0,0.0,0.0,0.0,3,2,1,1,0.34,0,0,0,0,1,8,0,1,0,1,0,2,13,0.4,0.25,0.0,0.32725,0.32725,0.352273,0.627273,0.32725,1.25,0,1,0,0,2,0.5645,0.0645,0.371,0,-0.2645,0,0,CHECK
0,0,80.0,0.0,0.0,0.0,5,2,0,3,1.05,1,0,0,0,0,0,0,1,0,0,0,2,13,0.25,0.25,0.0,0.3215,0.3215,0.397638,0.598425,0.3215,1.25,0,1,0,0,2,0.1613,0.0161,0.4194,0,0.1387,0,0,CHECK
0,0,80.0,0.0,0.0,0.0,5,1,0,2,0.44,0,0,0,0,0,0,0,1,0,0,0,7,6,0.65,0.25,0.5,0.27775,0.27775,0.333333,0.648485,0.27775,1.25,0,1,0,0,2,0.2553,0.0,0.6809,0,0.0447,0,0,CHECK
0,0,80.0,0.0,0.0,0.0,5,0,0,2,0.44,0,0,0,0,0,0,0,0,1,0,0,5,10,0.3,0.0,0.3,0.2515,0.2515,0.48203,0.498943,0.2515,1.25,0,1,0,0,2,0.2895,0.0,0.5526,0,0.0105,0,0,CHECK
0,0,80.0,0.0,0.0,0.0,1,3,0,1,0.34,0,0,0,1,0,9,1,0,0,0,0,4,13,0.7299,0.5799,0.3,0.31,0.31,0.610656,0.352459,0.31,1.25,0,0,0,1,2,0.2581,0.0323,0.3871,1,0.0419,0,0,CHECK
0,0,80.0,0.0,0.0,0.0,3,2,1,6,1.351,1,0,0,0,0,0,0,1,0,0,0,2,14,0.25,0.25,0.0,0.5225,0.5225,0.080831,0.905312,0.5225,1.25,0,1,0,0,2,0.1613,0.0,0.4032,0,0.1387,0,0,BET
0,0,80.0,0.0,0.0,0.0,3,2,1,7,1.333,1,0,0,0,0,0,0,1,0,0,0,4,12,0.45,0.25,0.3,0.55125,0.55125,0.048682,0.939148,0.55125,1.25,0,1,0,0,2,0.129,0.4355,0.129,0,0.171,0,0,BET
0,0,80.0,0.0,0.0,0.0,5,2,0,4,1.01,1,0,0,0,0,0,0,1,0,0,0,4,12,0.45,0.25,0.3,0.508,0.508,0.181996,0.816047,0.508,1.25,0,1,0,0,2,0.129,0.0161,0.5484,0,0.171,0,0,CHECK
0,0,80.0,0.0,0.0,0.0,5,2,0,4,0.98,1,0,0,0,0,0,0,0,1,0,0,2,9,0.0,0.0,0.0,0.40875,0.40875,0.216963,0.781065,0.40875,1.25,0,1,0,0,2,0.2097,0.0161,0.5323,0,0.0903,0,0,CHECK
0,0,80.0,0.0,0.0,0.0,5,1,0,1,0.33,0,0,0,1,0,9,0,1,0,1,0,2,9,0.4,0.25,0.0,0.40525,0.40525,0.693089,0.288618,0.40525,1.25,0,1,0,0,2,0.3617,0.0,0.6383,0,-0.0617,0,0,CHECK
0,0,80.0,0.0,0.0,0.0,3,1,1,12,3.55,1,1,1,0,0,0,0,1,0,0,0,2,11,0.25,0.25,0.0,0.757,0.757,0.01222,0.98778,0.757,1.25,0,1,0,0,2,0.2766,0.0426,0.4468,0,0.0234,0,0,BET
0,0,80.0,0.0,0.0,0.0,3,2,1,7,1.342,1,0,0,0,0,0,0,0,1,0,0,2,13,0.0,0.0,0.0,0.6775,0.6775,0.049896,0.93763,0.6775,1.25,0,1,0,0,2,0.129,0.0,0.4355,0,0.171,0,0,BET
0,0,80.0,0.0,0.0,0.0,3,1,1,12,3.54,1,1,1,0,0,0,0,1,0,0,0,4,13,0.45,0.25,0.3,0.781,0.781,0.011905,0.988095,0.781,1.25,0,1,0,0,2,0.1489,0.0638,0.2979,0,0.1511,0,0,BET
0,0,80.0,0.0,0.0,0.0,3,1,1,7,1.342,1,0,0,0,0,0,0,0,1,0,0,2,13,0.0,0.0,0.0,0.62325,0.62325,0.056485,0.930962,0.62325,1.25,0,1,0,0,2,0.1915,0.0851,0.2979,0,0.1085,0,0,BET
0,0,80.0,0.0,0.0,0.0,5,2,0,10,2.7175,1,1,0,0,0,0,0,0,1,1,0,2,14,0.15,0.0,0.0,0.63275,0.63275,0.161638,0.825431,0.63275,1.25,0,1,0,0,2,0.5806,0.0,0.4194,0,-0.2806,0,0,CHECK
0,0,80.0,0.0,0.0,0.0,2,3,0,6,1.334,1,0,0,0,0,0,0,0,1,0,0,2,13,0.0,0.0,0.0,0.61675,0.61675,0.152284,0.847716,0.61675,1.25,0,0,0,1,2,0.2162,0.0,0.4054,1,0.0838,0,0,BET
0,0,80.0,0.0,0.0,0.0,1,3,0,11,3.08,1,1,1,0,0,0,0,1,0,1,0,2,11,0.4,0.25,0.0,0.78725,0.78725,0.027344,0.96875,0.78725,1.25,0,0,0,1,2,0.5161,0.0323,0.4516,1,-0.2161,0,0,BET
0,0,80.0,0.0,0.0,0.0,5,2,0,7,1.342,1,0,0,0,0,0,0,1,0,0,0,2,13,0.25,0.25,0.0,0.70025,0.70025,0.059426,0.928279,0.70025,1.25,0,1,0,0,2,0.1613,0.0,0.4516,0,0.1387,0,0,CHECK
0,0,80.0,0.0,0.0,0.0,3,2,1,14,5.14,1,1,1,0,0,0,1,0,0,0,0,2,13,0.5799,0.5799,0.0,0.942,0.942,0.0,1.0,0.942,1.25,0,1,0,0,2,0.1613,0.0161,0.3871,0,0.1387,0,0,BET
0,0,80.0,0.0,0.0,0.0,5,2,0,11,3.09,1,1,1,0,0,0,0,0,1,1,0,2,9,0.15,0.0,0.0,0.8655,0.8655,0.03055,0.96334,0.8655,1.25,0,1,0,0,2,0.3548,0.0,0.6452,0,-0.0548,0,0,CHECK
0,0,80.0,0.0,0.0,0.0,5,0,0,15,6.265,1,1,1,0,0,0,0,0,1,1,0,4,6,0.45,0.0,0.3,0.912,0.912,0.003711,0.996289,0.912,1.25,0,1,0,0,2,0.2895,0.0,0.7105,0,0.0105,0,0,CHECK
0,0,80.0,0.0,0.0,0.0,5,1,0,10,2.72,1,1,0,0,0,0,0,1,0,0,0,4,14,0.45,0.25,0.3,0.80475,0.80475,0.01087,0.980435,0.80475,1.25,0,1,0,0,2,0.1702,0.2766,0.1064,0,0.1298,0,0,BET
0,0,80.0,0.0,0.0,0.0,5,1,0,14,5.14,1,1,1,0,0,0,1,0,0,0,0,2,12,0.5799,0.5799,0.0,0.9585,0.9585,0.0,1.0,0.9585,1.25,0,1,0,0,2,0.4681,0.1064,0.0,0,-0.1681,0,0,BET
1,0,80.0,0.0,0.0,0.0,3,2,1,2,0.44,0,0,0,0,0,0,0,1,0,0,0,2,11,0.5954,0.5154,0.0,0.10025,0.10025,0.623288,0.358447,0.10025,1.25,0,1,1,0,2,0.2581,0.1452,0.2903,0,0.0419,0,0,CHECK
1,0,80.0,0.0,0.0,0.0,3,2,1,5,1.17,1,0,0,0,0,0,0,1,0,0,0,2,13,0.5954,0.5154,0.0,0.17775,0.17775,0.480519,0.506494,0.17775,1.25,0,1,1,0,2,0.2097,0.0161,0.3387,0,0.0903,0,0,CHECK
1,0,80.0,0.0,0.0,0.0,3,2,1,0,0.15,0,0,0,0,1,8,0,0,1,0,0,4,12,0.38,0.0,0.3,0.18575,0.18575,0.993865,0.0,0.18575,1.25,0,1,1,0,2,0.1613,0.0484,0.4032,0,0.1387,0,0,CHECK
1,0,80.0,0.0,0.0,0.0,3,2,1,2,0.43,0,0,0,0,1,4,0,0,1,0,0,4,10,0.38,0.0,0.3,0.15075,0.15075,0.784483,0.202586,0.15075,1.25,0,1,1,0,2,0.2258,0.0484,0.4194,0,0.0742,0,0,CHECK
1,0,80.0,0.0,0.0,0.0,3,1,1,5,1.19,1,0,0,0,0,0,0,1,0,0,0,7,14,0.7454,0.5154,0.5,0.13625,0.13625,0.488739,0.497748,0.13625,1.25,0,1,1,0,2,0.3617,0.1064,0.0,0,-0.0617,0,0,CHECK
1,0,80.0,0.0,0.0,0.0,1,3,0,10,2.72,1,1,0,0,0,0,0,0,1,1,0,2,14,0.23,0.0,0.0,0.1695,0.1695,0.552995,0.428571,0.1695,1.25,0,0,1,1,2,0.8065,0.0968,0.0968,1,-0.5065,0,0,CHECK
1,0,80.0,0.0,0.0,0.0,1,3,0,2,0.44,0,0,0,0,0,0,0,0,1,1,0,2,12,0.23,0.0,0.0,0.173,0.173,0.495575,0.464602,0.173,1.25,0,0,1,1,2,0.6129,0.0,0.3871,1,-0.3129,0,0,CHECK
1,0,80.0,0.0,0.0,0.0,5,2,0,1,0.34,0,0,0,0,0,0,0,0,1,0,0,5,13,0.38,0.0,0.3,0.052,0.052,0.746032,0.124717,0.052,1.25,0,1,1,0,2,0.2581,0.0161,0.1935,0,0.0419,0,0,CHECK
1,0,80.0,0.0,0.0,0.0,1,3,0,0,0.17,0,0,0,0,1,4,0,0,1,0,0,2,12,0.08,0.0,0.0,0.16575,0.16575,0.977273,0.011364,0.16575,1.25,0,0,1,1,2,0.3226,0.0,0.2581,1,-0.0226,0,0,CHECK
1,0,80.0,0.0,0.0,0.0,5,1,0,4,0.95,1,0,0,0,1,4,0,0,1,0,0,7,12,0.58,0.0,0.5,0.18425,0.18425,0.558522,0.439425,0.18425,1.25,0,1,1,0,2,0.2766,0.0638,0.2979,0,0.0234,0,0,CHECK
1,0,80.0,0.0,0.0,0.0,5,2,0,1,0.33,0,0,0,0,1,4,0,0,1,0,0,7,10,0.58,0.0,0.5,0.11225,0.11225,0.841667,0.152083,0.11225,1.25,0,1,1,0,2,0.2742,0.0806,0.3387,0,0.0258,0,0,CHECK
1,0,80.0,0.0,0.0,0.0,3,0,1,4,0.96,1,0,0,0,0,0,0,0,0,0,0,4,10,0.38,0.0,0.3,0.287,0.287,0.334711,0.663223,0.287,1.25,0,1,1,0,2,0.2632,0.0526,0.4737,0,0.0368,0,0,BET
1,0,80.0,0.0,0.0,0.0,3,1,1,10,2.615,1,1,0,0,0,0,0,0,1,1,0,2,12,0.23,0.0,0.0,0.2495,0.2495,0.305857,0.655098,0.2495,1.25,0,1,1,0,2,0.5532,0.0,0.4468,0,-0.2532,0,0,CHECK
1,0,80.0,0.0,0.0,0.0,3,1,1,1,0.34,0,0,0,1,0,9,0,0,1,0,0,2,13,0.08,0.0,0.0,0.27475,0.27475,0.677704,0.302428,0.27475,1.25,0,1,1,0,2,0.234,0.0851,0.234,0,0.066,0,0,CHECK
1,0,80.0,0.0,0.0,0.0,2,3,0,1,0.33,0,0,0,1,0,9,0,0,0,0,0,2,11,0.08,0.0,0.0,0.248,0.248,0.740053,0.236074,0.248,1.25,0,0,1,1,2,0.2973,0.0,0.3514,1,0.0027,0,0,CHECK
1,0,80.0,0.0,0.0,0.0,5,0,0,2,0.43,0,0,0,1,1,13,0,1,0,0,0,7,9,0.7454,0.5154,0.5,0.22375,0.22375,0.819149,0.161702,0.22375,1.25,0,1,1,0,2,0.3421,0.0,0.5,0,-0.0421,0,0,CHECK
1,0,80.0,0.0,0.0,0.0,1,3,0,4,1.01,1,0,0,0,0,0,0,0,1,0,0,4,13,0.38,0.0,0.3,0.361,0.361,0.298387,0.697581,0.361,1.25,0,0,1,1,2,0.2903,0.3226,0.0323,1,0.0097,0,0,BET
1,0,80.0,0.0,0.0,0.0,5,2,0,10,2.4625,1,1,0,0,0,0,0,0,1,1,0,4,10,0.53,0.0,0.3,0.2735,0.2735,0.358178,0.621118,0.2735,1.25,0,1,1,0,2,0.5161,0.0484,0.4355,0,-0.2161,0,0,CHECK
1,0,80.0,0.0,0.0,0.0,3,1,1,3,1.02,1,0,0,1,1,17,0,0,0,0,0,9,7,0.88,0.0,0.8,0.458,0.458,0.371901,0.615702,0.458,1.25,0,1,1,0,2,0.234,0.2553,0.383,0,0.066,0,0,BET
1,0,80.0,0.0,0.0,0.0,3,0,1,10,2.4175,1,1,0,0,0,0,0,0,1,1,1,2,7,0.23,0.0,0.0,0.439,0.439,0.165657,0.832323,0.439,1.25,0,1,1,0,2,0.2632,0.5526,0.1842,0,0.0368,0,0,BET
1,0,80.0,0.0,0.0,0.0,2,3,0,6,1.348,1,0,0,0,0,0,0,0,1,0,0,9,14,0.88,0.0,0.8,0.41175,0.41175,0.282468,0.600649,0.41175,1.25,0,0,1,1,2,0.2973,0.0,0.1081,1,0.0027,0,0,CHECK
1,0,80.0,0.0,0.0,0.0,2,3,0,6,1.333,1,0,0,0,0,0,0,0,1,0,0,2,13,0.08,0.0,0.0,0.53825,0.53825,0.1875,0.8125,0.53825,1.25,0,0,1,1,2,0.2432,0.0,0.2973,1,0.0568,0,0,BET
1,0,80.0,0.0,0.0,0.0,3,2,1,12,3.53,1,1,1,0,0,0,0,0,0,0,0,7,8,0.58,0.0,0.5,0.7795,0.7795,0.050485,0.949515,0.7795,1.25,0,1,1,0,2,0.2258,0.0161,0.5645,0,0.0742,0,0,BET
1,0,80.0,0.0,0.0,0.0,3,0,1,6,1.344,1,0,0,1,1,13,0,0,1,0,0,5,14,0.38,0.0,0.3,0.65175,0.65175,0.202733,0.783599,0.65175,1.25,0,1,1,0,2,0.2105,0.0,0.3684,0,0.0895,0,0,BET
1,0,80.0,0.0,0.0,0.0,3,1,1,7,1.342,1,0,0,0,0,0,0,0,1,0,0,2,13,0.08,0.0,0.0,0.64675,0.64675,0.071121,0.915948,0.64675,1.25,0,1,1,0,2,0.1702,0.0213,0.3617,0,0.1298,0,0,BET
1,0,80.0,0.0,0.0,0.0,5,1,0,14,5.12,1,1,0,0,0,0,0,1,0,1,0,2,9,0.7454,0.5154,0.0,0.7995,0.7995,0.040733,0.959267,0.7995,1.25,0,1,1,0,2,0.4468,0.0,0.5532,0,-0.1468,0,0,BET
1,0,80.0,0.0,0.0,0.0,5,1,0,8,1.334,1,0,0,0,0,0,0,0,1,0,0,2,12,0.08,0.0,0.0,0.75525,0.75525,0.054113,0.9329,0.75525,1.25,0,1,1,0,2,0.1915,0.0213,0.4468,0,0.1085,0,0,BET
1,0,80.0,0.0,0.0,0.0,1,3,0,11,3.1,1,1,1,1,0,9,0,0,1,1,0,2,12,0.23,0.0,0.0,0.78975,0.78975,0.064103,0.923077,0.78975,1.25,0,0,1,1,2,0.7097,0.2581,0.0323,1,-0.4097,0,0,BET
1,0,80.0,0.0,0.0,0.0,5,2,0,10,2.7175,1,1,0,0,0,0,0,0,1,1,0,2,14,0.23,0.0,0.0,0.62175,0.62175,0.098174,0.742009,0.62175,1.25,0,1,1,0,2,0.7258,0.0323,0.2419,0,-0.4258,0,0,BET
1,0,80.0,0.0,0.0,0.0,3,2,1,14,5.14,1,1,1,0,0,0,0,1,0,0,0,2,13,0.5954,0.5154,0.0,0.976,0.976,0.0,1.0,0.976,1.25,0,1,1,0,2,0.1935,0.0161,0.371,0,0.1065,0,0,BET
1,0,80.0,0.0,0.0,0.0,3,2,1,14,5.1,1,1,0,0,0,0,0,1,0,0,0,2,13,0.5954,0.5154,0.0,0.877,0.877,0.02407,0.97593,0.877,1.25,0,1,1,0,2,0.2097,0.0645,0.2581,0,0.0903,0,0,BET
1,0,80.0,0.0,0.0,0.0,3,2,1,14,5.13,1,1,1,0,0,0,0,1,0,0,0,7,13,0.7454,0.5154,0.5,0.8625,0.8625,0.020134,0.979866,0.8625,1.25,0,1,1,0,2,0.5161,0.1129,0.0,0,-0.2161,0,0,BET
1,0,80.0,0.0,0.0,0.0,3,1,1,13,4.07,1,1,1,0,0,0,0,0,1,0,0,10,6,0.88,0.0,0.8,0.86125,0.86125,0.024291,0.892713,0.86125,1.25,0,1,1,0,2,0.3617,0.3617,0.2128,0,-0.0617,0,0,BET
1,0,80.0,0.0,0.0,0.0,5,1,0,10,2.72,1,1,0,0,0,0,0,0,1,0,0,5,14,0.38,0.0,0.3,0.87125,0.87125,0.017897,0.973154,0.87125,1.25,0,1,1,0,2,0.2128,0.2766,0.1064,0,0.0872,0,0,BET
1,0,80.0,0.0,0.0,0.0,0,3,0,2,0.42,0,0,0,0,1,4,0,0,0,0,0,4,10,0.38,0.0,0.3,0.1165,0.1165,0.916667,0.036458,0.1165,1.25,0,0,1,1,2,0.2,0.05,0.3,1,0.1,0,0,CHECK
1,0,80.0,0.0,0.0,0.0,3,2,1,1,0.34,0,0,0,0,0,0,0,0,1,0,0,2,13,0.08,0.0,0.0,0.1595,0.1595,0.520362,0.459276,0.1595,1.25,0,1,1,0,2,0.1935,0.3226,0.129,0,0.1065,0,0,CHECK
0,0,80.0,0.0,0.0,0.0,3,2,1,1,0.34,0,0,0,0,0,0,0,0,1,0,0,2,13,0.0,0.0,0.0,0.236,0.236,0.396104,0.584416,0.236,1.25,0,1,0,0,2,0.1613,0.0,0.5323,0,0.1387,0,0,CHECK
0,0,80.0,0.0,0.0,0.0,3,1,1,6,1.267,1,0,0,1,1,13,0,1,0,0,0,7,6,0.65,0.25,0.5,0.61825,0.61825,0.162055,0.826087,0.61825,1.25,0,1,0,0,2,0.2553,0.0,0.6809,0,0.0447,0,0,BET
0,0,80.0,0.0,0.0,0.0,3,2,1,4,0.99,1,0,0,0,0,0,0,1,0,0,0,4,11,0.45,0.25,0.3,0.36875,0.36875,0.202128,0.795745,0.36875,1.25,0,1,0,0,2,0.2097,0.3548,0.129,0,0.0903,0,0,CHECK
1,0,80.0,0.0,0.0,0.0,3,1,1,10,2.4625,1,1,0,0,0,0,0,0,1,1,0,2,12,0.23,0.0,0.0,0.2395,0.2395,0.331183,0.666667,0.2395,1.25,0,1,1,0,2,0.5319,0.0213,0.4468,0,-0.2319,0,0,BET
1,0,80.0,0.0,0.0,0.0,3,2,1,5,1.16,1,0,0,0,0,0,0,0,1,0,0,2,13,0.08,0.0,0.0,0.254,0.254,0.404612,0.582809,0.254,1.25,0,1,1,0,2,0.1774,0.0645,0.3065,0,0.1226,0,0,CHECK
0,0,80.0,0.0,0.0,0.0,5,1,0,4,0.95,1,0,0,0,1,4,0,1,0,0,0,7,9,0.65,0.25,0.5,0.271,0.271,0.398833,0.599222,0.271,1.25,0,1,0,0,2,0.2553,0.0638,0.4894,0,0.0447,0,0,CHECK
0,0,80.0,0.0,0.0,0.0,0,3,0,8,1.334,1,0,0,0,0,0,0,0,1,0,0,7,12,0.5,0.0,0.5,0.46875,0.46875,0.131429,0.84,0.46875,1.25,0,0,0,1,2,0.3,0.1,0.2,1,0.0,0,0,BET
0,0,80.0,0.0,0.0,0.0,5,1,0,6,1.309,1,0,0,0,0,0,0,0,1,0,0,2,10,0.0,0.0,0.0,0.539,0.539,0.135354,0.852525,0.539,1.25,0,1,0,0,2,0.2766,0.0,0.5106,0,0.0234,0,0,BET
1,0,80.0,0.0,0.0,0.0,5,1,0,1,0.34,0,0,0,0,0,0,0,0,0,0,0,7,13,0.58,0.0,0.5,0.15825,0.15825,0.556522,0.423913,0.15825,1.25,0,1,1,0,2,0.1915,0.3404,0.1064,0,0.1085,0,0,CHECK
0,0,80.0,0.0,0.0,0.0,3,2,1,0,0.23,0,0,0,0,1,4,0,1,0,0,0,2,14,0.25,0.25,0.0,0.2105,0.2105,0.626966,0.352809,0.2105,1.25,0,1,0,0,2,0.1935,0.2419,0.0484,0,0.1065,0,0,CHECK
0,0,80.0,0.0,0.0,0.0,3,2,1,4,1.0,1,0,0,0,1,8,0,1,0,0,0,7,12,0.65,0.25,0.5,0.4465,0.4465,0.277542,0.720339,0.4465,1.25,0,1,0,0,2,0.2581,0.0484,0.3065,0,0.0419,0,0,BET
1,0,80.0,0.0,0.0,0.0,2,3,0,10,2.7275,1,1,0,0,1,8,0,0,1,1,0,8,13,1.0,0.0,0.8,0.598,0.598,0.213115,0.783607,0.598,1.25,0,0,1,1,2,0.7568,0.1081,0.1351,1,-0.4568,0,0,BET
0,0,80.0,0.0,0.0,0.0,0,3,0,0,0.22,0,0,0,0,1,4,0,0,1,0,0,4,14,0.3,0.0,0.3,0.20175,0.20175,0.883333,0.1,0.20175,1.25,0,0,0,1,2,0.2,0.05,0.15,1,0.1,0,0,CHECK
0,0,80.0,0.0,0.0,0.0,5,1,0,0,0.16,0,0,0,0,0,0,0,1,0,1,0,2,11,0.4,0.25,0.0,0.13075,0.13075,0.988679,0.00566,0.13075,1.25,0,1,0,0,2,0.4043,0.0,0.5957,0,-0.1043,0,0,CHECK
0,0,80.0,0.0,0.0,0.0,5,0,0,4,0.98,1,0,0,0,0,0,0,1,0,0,0,2,11,0.25,0.25,0.0,0.365,0.365,0.215534,0.782524,0.365,1.25,0,1,0,0,2,0.2632,0.0263,0.5,0,0.0368,0,0,CHECK
0,0,80.0,0.0,0.0,0.0,5,2,0,4,0.97,1,0,0,0,0,0,0,1,0,0,0,2,11,0.25,0.25,0.0,0.30175,0.30175,0.342466,0.655577,0.30175,1.25,0,1,0,0,2,0.2097,0.0806,0.4516,0,0.0903,0,0,CHECK
0,0,80.0,0.0,0.0,0.0,5,2,0,1,0.34,0,0,0,0,0,0,0,1,0,0,0,4,11,0.45,0.25,0.3,0.16525,0.16525,0.532787,0.44877,0.16525,1.25,0,1,0,0,2,0.2097,0.3548,0.129,0,0.0903,0,0,CHECK
0,0,80.0,0.0,0.0,0.0,2,3,0,6,1.336,1,0,0,0,0,0,0,0,1,0,0,5,13,0.3,0.0,0.3,0.475,0.475,0.21547,0.779006,0.475,1.25,0,0,0,1,2,0.2432,0.0,0.2973,1,0.0568,0,0,CHECK
1,0,80.0,0.0,0.0,0.0,5,1,0,1,0.34,0,0,0,0,0,0,0,0,1,0,0,4,13,0.38,0.0,0.3,0.17825,0.17825,0.564159,0.415929,0.17825,1.25,0,1,1,0,2,0.1702,0.2766,0.1064,0,0.1298,0,0,CHECK
1,0,80.0,0.0,0.0,0.0,2,3,0,1,0.34,0,0,0,0,1,4,0,0,1,0,0,8,12,0.88,0.0,0.8,0.136,0.136,0.66092,0.313218,0.136,1.25,0,0,1,1,2,0.3784,0.0541,0.2973,1,-0.0784,0,0,CHECK
1,0,80.0,0.0,0.0,0.0,3,0,1,10,2.31,1,1,0,0,0,0,0,0,1,1,0,2,13,0.23,0.0,0.0,0.24175,0.24175,0.413136,0.584746,0.24175,1.25,0,1,1,0,2,0.6053,0.0,0.3947,0,-0.3053,0,0,BET
1,0,80.0,0.0,0.0,0.0,2,3,0,2,0.42,0,0,0,0,0,0,0,0,0,1,0,2,9,0.23,0.0,0.0,0.08025,0.08025,0.829457,0.147287,0.08025,1.25,0,0,1,1,2,0.4865,0.4054,0.1081,1,-0.1865,0,0,CHECK
0,0,90.0,0.0,0.0,0.0,5,2,0,0,0.15,0,0,0,0,1,4,0,0,1,0,0,2,14,0.0,0.0,0.0,0.18225,0.18225,0.982659,0.0,0.18225,1.1111,0,1,0,0,2,0.1613,0.0,0.4032,0,0.1387,0,0,CHECK
0,0,90.0,0.0,0.0,0.0,5,2,0,0,0.17,0,0,0,0,0,0,0,0,1,0,0,2,14,0.0,0.0,0.0,0.092,0.092,0.942529,0.04023,0.092,1.1111,0,1,0,0,2,0.1613,0.0,0.4032,0,0.1387,0,0,CHECK
0,0,90.0,0.0,0.0,0.0,5,2,0,0,0.23,0,0,0,0,0,0,0,0,1,0,0,2,14,0.0,0.0,0.0,0.08425,0.08425,0.710692,0.232704,0.08425,1.1111,0,1,0,0,2,0.1613,0.0,0.4032,0,0.1387,0,0,CHECK
0,0,90.0,0.0,0.0,0.0,5,2,0,5,1.18,1,0,0,0,0,0,0,0,1,0,0,2,14,0.0,0.0,0.0,0.178,0.178,0.508571,0.48,0.178,1.1111,0,1,0,0,2,0.1613,0.0,0.4032,0,0.1387,0,0,CHECK
0,0,90.0,0.0,0.0,0.0,5,2,0,6,1.344,1,0,0,0,0,0,0,0,1,0,0,2,14,0.0,0.0,0.0,0.47475,0.47475,0.225,0.7625,0.47475,1.1111,0,1,0,0,2,0.1613,0.0,0.4032,0,0.1387,0,0,CHECK
0,0,90.0,0.0,0.0,0.0,5,2,0,6,1.349,1,0,0,0,0,0,0,0,1,0,0,2,14,0.0,0.0,0.0,0.476,0.476,0.215873,0.784127,0.476,1.1111,0,1,0,0,2,0.1613,0.0,0.4032,0,0.1387,0,0,CHECK
0,0,90.0,0.0,0.0,0.0,5,2,0,6,1.351,1,0,0,0,0,0,0,0,1,0,0,2,14,0.0,0.0,0.0,0.51575,0.51575,0.154341,0.807074,0.51575,1.1111,0,1,0,0,2,0.1613,0.0,0.4032,0,0.1387,0,0,BET
0,0,90.0,0.0,0.0,0.0,5,2,0,7,1.353,1,0,0,0,0,0,0,0,1,0,0,2,14,0.0,0.0,0.0,0.6895,0.6895,0.052459,0.908197,0.6895,1.1111,0,1,0,0,2,0.1613,0.0,0.4032,0,0.1387,0,0,BET
0,0,90.0,0.0,0.0,0.0,5,2,0,12,3.53,1,1,1,0,0,0,0,0,1,0,0,2,14,0.0,0.0,0.0,0.8145,0.8145,0.03352,0.96648,0.8145,1.1111,0,1,0,0,2,0.1613,0.0,0.4032,0,0.1387,0,0,BET
0,0,90.0,0.0,0.0,0.0,5,2,0,12,3.58,1,1,1,0,0,0,0,0,1,0,0,2,14,0.0,0.0,0.0,0.855,0.855,0.017045,0.982955,0.855,1.1111,0,1,0,0,2,0.1613,0.0,0.4032,0,0.1387,0,0,BET
0,0,90.0,0.0,0.0,0.0,4,3,0,0,0.14,0,0,0,0,1,4,0,0,1,0,0,2,9,0.0,0.0,0.0,0.2425,0.2425,0.994652,0.0,0.2425,1.1111,0,1,0,0,2,0.1556,0.0111,0.5667,0,0.1444,0,0,CHECK
0,0,90.0,0.0,0.0,0.0,4,3,0,1,0.34,0,0,0,0,0,0,0,0,1,0,0,2,9,0.0,0.0,0.0,0.22925,0.22925,0.521073,0.461686,0.22925,1.1111,0,1,0,0,2,0.1556,0.0111,0.5667,0,0.1444,0,0,CHECK
0,0,90.0,0.0,0.0,0.0,4,3,0,2,0.43,0,0,0,0,0,0,0,0,1,0,0,2,9,0.0,0.0,0.0,0.2525,0.2525,0.643939,0.339015,0.2525,1.1111,0,1,0,0,2,0.1556,0.0111,0.5667,0,0.1444,0,0,CHECK
0,0,90.0,0.0,0.0,0.0,4,3,0,0,0.17,0,0,0,0,1,4,0,0,1,0,0,2,9,0.0,0.0,0.0,0.22275,0.22275,0.970856,0.023679,0.22275,1.1111,0,1,0,0,2,0.1556,0.0111,0.5667,0,0.1444,0,0,CHECK
0,0,90.0,0.0,0.0,0.0,4,3,0,5,1.16,1,0,0,0,0,0,0,0,1,0,0,2,9,0.0,0.0,0.0,0.3905,0.3905,0.275547,0.713504,0.3905,1.1111,0,1,0,0,2,0.1556,0.0111,0.5667,0,0.1444,0,0,CHECK
0,0,90.0,0.0,0.0,0.0,4,3,0,6,1.297,1,0,0,0,0,0,0,0,1,0,0,2,9,0.0,0.0,0.0,0.5145,0.5145,0.16141,0.834879,0.5145,1.1111,0,1,0,0,2,0.1556,0.0111,0.5667,0,0.1444,0,0,BET
0,0,90.0,0.0,0.0,0.0,4,3,0,6,1.3,1,0,0,0,0,0,0,0,1,0,0,2,9,0.0,0.0,0.0,0.55975,0.55975,0.126177,0.862524,0.55975,1.1111,0,1,0,0,2,0.1556,0.0111,0.5667,0,0.1444,0,0,BET
0,0,90.0,0.0,0.0,0.0,4,3,0,9,1.61,1,0,0,0,0,0,0,0,1,0,0,2,9,0.0,0.0,0.0,0.61275,0.61275,0.054409,0.943715,0.61275,1.1111,0,1,0,0,2,0.1556,0.0111,0.5667,0,0.1444,0,0,BET
0,0,90.0,0.0,0.0,0.0,4,3,0,9,1.62,1,0,0,0,0,0,0,0,1,0,0,2,9,0.0,0.0,0.0,0.65675,0.65675,0.043233,0.954887,0.65675,1.1111,0,1,0,0,2,0.1556,0.0111,0.5667,0,0.1444,0,0,BET
0,0,90.0,0.0,0.0,0.0,4,3,0,12,3.52,1,1,1,0,0,0,0,0,1,0,0,2,9,0.0,0.0,0.0,0.8745,0.8745,0.010471,0.989529,0.8745,1.1111,0,1,0,0,2,0.1556,0.0111,0.5667,0,0.1444,0,0,BET
0,0,90.0,0.0,0.0,0.0,5,2,0,0,0.15,0,0,0,0,0,0,1,0,0,0,0,2,11,0.5799,0.5799,0.0,0.076,0.076,1.0,0.0,0.076,1.1111,0,1,0,0,2,0.5323,0.1129,0.0,0,-0.2323,0,0,CHECK
0,0,90.0,0.0,0.0,0.0,5,2,0,2,0.43,0,0,0,0,0,0,1,0,0,0,0,2,11,0.5799,0.5799,0.0,0.07425,0.07425,0.861027,0.090634,0.07425,1.1111,0,1,0,0,2,0.5323,0.1129,0.0,0,-0.2323,0,0,CHECK
0,0,90.0,0.0,0.0,0.0,5,2,0,14,5.06,1,1,0,0,0,0,1,0,0,0,0,2,11,0.5799,0.5799,0.0,0.731,0.731,0.054795,0.945205,0.731,1.1111,0,1,0,0,2,0.5323,0.1129,0.0,0,-0.2323,0,0,BET
0,0,90.0,0.0,0.0,0.0,5,2,0,5,1.18,1,0,0,0,0,0,1,0,0,0,0,2,11,0.5799,0.5799,0.0,0.26475,0.26475,0.379121,0.60989,0.26475,1.1111,0,1,0,0,2,0.5323,0.1129,0.0,0,-0.2323,0,0,CHECK
0,0,90.0,0.0,0.0,0.0,5,2,0,6,1.32,1,0,0,0,0,0,1,0,0,0,0,2,11,0.5799,0.5799,0.0,0.316,0.316,0.287356,0.706897,0.316,1.1111,0,1,0,0,2,0.5323,0.1129,0.0,0,-0.2323,0,0,CHECK
0,0,90.0,0.0,0.0,0.0,5,2,0,1,0.34,0,0,0,1,0,9,1,0,0,0,0,2,11,0.5799,0.5799,0.0,0.424,0.424,0.775811,0.212389,0.424,1.1111,0,1,0,0,2,0.5323,0.1129,0.0,0,-0.2323,0,0,CHECK
0,0,90.0,0.0,0.0,0.0,5,2,0,12,3.61,1,1,1,0,0,0,1,0,0,0,0,2,11,0.5799,0.5799,0.0,0.703,0.703,0.074928,0.925072,0.703,1.1111,0,1,0,0,2,0.5323,0.1129,0.0,0,-0.2323,0,0,BET
0,0,90.0,0.0,0.0,0.0,5,2,0,14,5.13,1,1,1,0,0,0,1,0,0,0,0,2,11,0.5799,0.5799,0.0,0.8205,0.8205,0.028653,0.971347,0.8205,1.1111,0,1,0,0,2,0.5323,0.1129,0.0,0,-0.2323,0,0,BET
0,0,90.0,0.0,0.0,0.0,5,2,0,14,5.14,1,1,1,0,0,0,1,0,0,0,0,2,11,0.5799,0.5799,0.0,0.9365,0.9365,0.0,1.0,0.9365,1.1111,0,1,0,0,2,0.5323,0.1129,0.0,0,-0.2323,0,0,BET
0,0,90.0,0.0,0.0,0.0,5,2,0,14,5.1,1,1,0,0,0,0,1,0,0,0,0,2,11,0.5799,0.5799,0.0,0.775,0.775,0.033241,0.966759,0.775,1.1111,0,1,0,0,2,0.5323,0.1129,0.0,0,-0.2323,0,0,BET
0,0,90.0,0.0,0.0,0.0,5,2,0,0,0.15,0,0,0,0,0,0,0,0,1,1,0,2,12,0.15,0.0,0.0,0.06275,0.06275,0.982456,0.0,0.06275,1.1111,0,1,0,0,2,0.4839,0.0,0.5161,0,-0.1839,0,0,CHECK
0,0,90.0,0.0,0.0,0.0,5,2,0,1,0.34,0,0,0,0,0,0,0,0,1,1,0,2,12,0.15,0.0,0.0,0.0955,0.0955,0.7625,0.21875,0.0955,1.1111,0,1,0,0,2,0.4839,0.0,0.5161,0,-0.1839,0,0,CHECK
0,0,90.0,0.0,0.0,0.0,5,2,0,10,2.62,1,1,0,0,0,0,0,0,1,1,0,2,12,0.15,0.0,0.0,0.2875,0.2875,0.317919,0.676301,0.2875,1.1111,0,1,0,0,2,0.4839,0.0,0.5161,0,-0.1839,0,0,CHECK
0,0,90.0,0.0,0.0,0.0,5,2,0,10,2.625,1,1,0,0,0,0,0,0,1,1,0,2,12,0.15,0.0,0.0,0.34675,0.34675,0.251497,0.742515,0.34675,1.1111,0,1,0,0,2,0.4839,0.0,0.5161,0,-0.1839,0,0,CHECK
0,0,90.0,0.0,0.0,0.0,5,2,0,10,2.6175,1,1,0,0,0,0,0,0,1,1,0,2,12,0.15,0.0,0.0,0.24375,0.24375,0.352601,0.635838,0.24375,1.1111,0,1,0,0,2,0.4839,0.0,0.5161,0,-0.1839,0,0,CHECK
0,0,90.0,0.0,0.0,0.0,5,2,0,10,2.68,1,1,0,0,0,0,0,0,1,1,0,2,12,0.15,0.0,0.0,0.5175,0.5175,0.169811,0.823899,0.5175,1.1111,0,1,0,0,2,0.4839,0.0,0.5161,0,-0.1839,0,0,CHECK
0,0,90.0,0.0,0.0,0.0,5,2,0,10,2.73,1,1,0,0,0,0,0,0,1,1,0,2,12,0.15,0.0,0.0,0.66375,0.66375,0.143836,0.849315,0.66375,1.1111,0,1,0,0,2,0.4839,0.0,0.5161,0,-0.1839,0,0,CHECK
0,0,90.0,0.0,0.0,0.0,5,2,0,11,3.12,1,1,1,0,0,0,0,0,1,1,0,2,12,0.15,0.0,0.0,0.8145,0.8145,0.079511,0.917431,0.8145,1.1111,0,1,0,0,2,0.4839,0.0,0.5161,0,-0.1839,0,0,BET
0,0,90.0,0.0,0.0,0.0,5,2,0,11,3.12,1,1,1,0,0,0,0,0,1,1,0,2,12,0.15,0.0,0.0,0.82975,0.82975,0.06875,0.925,0.82975,1.1111,0,1,0,0,2,0.4839,0.0,0.5161,0,-0.1839,0,0,BET
0,0,90.0,0.0,0.0,0.0,5,2,0,15,6.38,1,1,1,0,0,0,0,0,1,1,0,2,12,0.15,0.0,0.0,0.8595,0.8595,0.005747,0.994253,0.8595,1.1111,0,1,0,0,2,0.4839,0.0,0.5161,0,-0.1839,0,0,BET
1,0,160.0,0.0,0.0,0.0,5,2,0,1,0.34,0,0,0,0,0,0,0,0,1,0,0,7,10,0.58,0.0,0.5,0.04675,0.04675,0.798165,0.146789,0.04675,0.625,0,2,0,0,2,0.2903,0.0,0.3871,0,0.0097,0,0,CHECK
1,0,160.0,0.0,0.0,0.0,5,2,0,2,0.43,0,0,0,0,1,4,0,0,1,0,0,7,10,0.58,0.0,0.5,0.14025,0.14025,0.906542,0.037383,0.14025,0.625,0,2,0,0,2,0.2903,0.0,0.3871,0,0.0097,0,0,CHECK
1,0,160.0,0.0,0.0,0.0,5,2,0,13,4.11,1,1,1,0,0,0,0,0,1,0,0,7,10,0.58,0.0,0.5,0.9545,0.9545,0.0,1.0,0.9545,0.625,0,2,0,0,2,0.2903,0.0,0.3871,0,0.0097,0,0,BET
1,0,160.0,0.0,0.0,0.0,5,2,0,3,1.05,1,0,0,0,0,0,0,0,1,0,0,7,10,0.58,0.0,0.5,0.28675,0.28675,0.425352,0.552113,0.28675,0.625,0,2,0,0,2,0.2903,0.0,0.3871,0,0.0097,0,0,CHECK
1,0,160.0,0.0,0.0,0.0,5,2,0,5,1.19,1,0,0,0,1,4,0,0,1,0,0,7,10,0.58,0.0,0.5,0.457,0.457,0.282486,0.706215,0.457,0.625,0,2,0,0,2,0.2903,0.0,0.3871,0,0.0097,0,0,CHECK
1,0,160.0,0.0,0.0,0.0,5,2,0,6,1.308,1,0,0,0,1,4,0,0,1,0,0,7,10,0.58,0.0,0.5,0.502,0.502,0.246418,0.753582,0.502,0.625,0,2,0,0,2,0.2903,0.0,0.3871,0,0.0097,0,0,CHECK
1,0,160.0,0.0,0.0,0.0,5,2,0,6,1.311,1,0,0,0,1,4,0,0,1,0,0,7,10,0.58,0.0,0.5,0.485,0.485,0.224189,0.769912,0.485,0.625,0,2,0,0,2,0.2903,0.0,0.3871,0,0.0097,0,0,CHECK
1,0,160.0,0.0,0.0,0.0,5,2,0,13,4.1,1,1,1,0,0,0,0,0,1,0,0,7,10,0.58,0.0,0.5,0.927,0.927,0.0,1.0,0.927,0.625,0,2,0,0,2,0.2903,0.0,0.3871,0,0.0097,0,0,BET
1,0,160.0,0.0,0.0,0.0,5,2,0,12,3.6,1,1,1,0,0,0,0,0,1,0,0,7,10,0.58,0.0,0.5,0.9195,0.9195,0.0,1.0,0.9195,0.625,0,2,0,0,2,0.2903,0.0,0.3871,0,0.0097,0,0,BET
1,0,160.0,0.0,0.0,0.0,5,2,0,12,3.59,1,1,1,0,0,0,0,0,1,0,0,7,10,0.58,0.0,0.5,0.8585,0.8585,0.016901,0.983099,0.8585,0.625,0,2,0,0,2,0.2903,0.0,0.3871,0,0.0097,0,0,BET
0,1,123.0,33.0,0.211538,0.268293,5,2,0,0,0.17,0,0,0,0,0,0,0,1,0,0,0,2,14,0.25,0.25,0.0,0.06,0.06,0.965015,0.017493,-0.151538,0.813,0,1,0,0,2,0.3105,0.0,0.2377,0,-0.0105,1,1,FOLD
0,1,123.0,33.0,0.211538,0.268293,5,2,0,0,0.23,0,0,0,0,0,0,0,1,0,0,0,2,14,0.25,0.25,0.0,0.05225,0.05225,0.763578,0.178914,-0.159288,0.813,0,1,0,0,2,0.3105,0.0,0.2377,0,-0.0105,1,1,FOLD
0,1,123.0,33.0,0.211538,0.268293,5,2,0,0,0.16,0,0,0,1,0,9,0,1,0,0,0,2,14,0.25,0.25,0.0,0.35525,0.35525,0.982507,0.0,0.143712,0.813,0,1,0,0,2,0.3105,0.0,0.2377,0,-0.0105,1,1,CALL
0,1,123.0,33.0,0.211538,0.268293,5,2,0,0,0.23,0,0,0,1,0,9,0,1,0,0,0,2,14,0.25,0.25,0.0,0.38275,0.38275,0.847095,0.134557,0.171212,0.813,0,1,0,0,2,0.3105,0.0,0.2377,0,-0.0105,1,1,CALL
0,1,123.0,33.0,0.211538,0.268293,5,2,0,5,1.19,1,0,0,0,0,0,0,1,0,0,0,2,14,0.25,0.25,0.0,0.179,0.179,0.502924,0.48538,-0.032538,0.813,0,1,0,0,2,0.3105,0.0,0.2377,0,-0.0105,1,1,FOLD
0,1,123.0,33.0,0.211538,0.268293,5,2,0,6,1.345,1,0,0,0,0,0,0,1,0,0,0,2,14,0.25,0.25,0.0,0.467,0.467,0.22082,0.766562,0.255462,0.813,0,1,0,0,2,0.3105,0.0,0.2377,0,-0.0105,1,1,CALL
0,1,123.0,33.0,0.211538,0.268293,5,2,0,6,1.351,1,0,0,0,0,0,0,1,0,0,0,2,14,0.25,0.25,0.0,0.442,0.442,0.162338,0.798701,0.230462,0.813,0,1,0,0,2,0.3105,0.0,0.2377,0,-0.0105,1,1,CALL
0,1,123.0,33.0,0.211538,0.268293,5,2,0,7,1.353,1,0,0,0,0,0,0,1,0,0,0,2,14,0.25,0.25,0.0,0.638,0.638,0.053333,0.906667,0.426462,0.813,0,1,0,0,2,0.3105,0.0,0.2377,0,-0.0105,1,1,CALL
0,1,123.0,33.0,0.211538,0.268293,5,2,0,12,3.54,1,1,1,0,0,0,0,1,0,0,0,2,14,0.25,0.25,0.0,0.7915,0.7915,0.034582,0.965418,0.579962,0.813,0,1,0,0,2,0.3105,0.0,0.2377,0,-0.0105,1,1,RAISE
0,1,123.0,33.0,0.211538,0.268293,5,2,0,12,3.59,1,1,1,0,0,0,0,1,0,0,0,2,14,0.25,0.25,0.0,0.6865,0.6865,0.051429,0.948571,0.474962,0.813,0,1,0,0,2,0.3105,0.0,0.2377,0,-0.0105,1,1,RAISE
1,1,180.0,75.0,0.294118,0.416667,4,3,0,0,0.14,0,0,0,0,1,8,0,0,1,0,0,2,11,0.08,0.0,0.0,0.18075,0.18075,0.993957,0.0,-0.113368,0.5556,0,2,0,0,2,0.3506,0.059,0.322,0,-0.0506,0,0,FOLD
1,1,180.0,75.0,0.294118,0.416667,4,3,0,2,0.43,0,0,0,0,0,0,0,0,1,0,0,2,11,0.08,0.0,0.0,0.10875,0.10875,0.718611,0.268549,-0.185368,0.5556,0,2,0,0,2,0.3506,0.059,0.322,0,-0.0506,0,0,FOLD
1,1,180.0,75.0,0.294118,0.416667,4,3,0,1,0.34,0,0,0,1,0,9,0,0,1,0,0,2,11,0.08,0.0,0.0,0.34275,0.34275,0.519189,0.460786,0.048632,0.5556,0,2,0,0,2,0.3506,0.059,0.322,0,-0.0506,0,0,CALL
1,1,180.0,75.0,0.294118,0.416667,4,3,0,0,0.19,0,0,0,1,1,13,0,0,1,0,0,2,11,0.08,0.0,0.0,0.35475,0.35475,0.930154,0.063497,0.060632,0.5556,0,2,0,0,2,0.3506,0.059,0.322,0,-0.0506,0,0,CALL
1,1,180.0,75.0,0.294118,0.416667,4,3,0,5,1.15,1,0,0,1,0,9,0,0,1,0,0,2,11,0.08,0.0,0.0,0.42725,0.42725,0.374376,0.621563,0.133132,0.5556,0,2,0,0,2,0.3506,0.059,0.322,0,-0.0506,0,0,CALL
1,1,180.0,75.0,0.294118,0.416667,4,3,0,5,1.18,1,0,0,0,0,0,0,0,1,0,0,2,11,0.08,0.0,0.0,0.3285,0.3285,0.253588,0.733871,0.034382,0.5556,0,2,0,0,2,0.3506,0.059,0.322,0,-0.0506,0,0,CALL
1,1,180.0,75.0,0.294118,0.416667,4,3,0,6,1.32,1,0,0,0,0,0,0,0,1,0,0,2,11,0.08,0.0,0.0,0.52225,0.52225,0.11008,0.877245,0.228132,0.5556,0,2,0,0,2,0.3506,0.059,0.322,0,-0.0506,0,0,CALL
1,1,180.0,75.0,0.294118,0.416667,4,3,0,12,3.61,1,1,1,0,0,0,0,0,1,0,0,2,11,0.08,0.0,0.0,0.9075,0.9075,0.0,1.0,0.613382,0.5556,0,2,0,0,2,0.3506,0.059,0.322,0,-0.0506,0,0,RAISE
1,1,180.0,75.0,0.294118,0.416667,4,3,0,12,3.58,1,1,1,0,0,0,0,0,1,0,0,2,11,0.08,0.0,0.0,0.8835,0.8835,0.006245,0.993755,0.589382,0.5556,0,2,0,0,2,0.3506,0.059,0.322,0,-0.0506,0,0,RAISE
2,0,200.0,0.0,0.0,0.0,5,2,0,13,4.06,1,1,1,0,0,0,0,0,1,0,0,5,12,0.42,0.0,0.3,0.99175,0.99175,0.0,0.982507,0.99175,0.5,0,2,1,0,2,0.1935,0.0,0.4032,0,0.1065,0,0,BET
2,0,200.0,0.0,0.0,0.0,5,2,0,1,0.34,0,0,0,0,1,4,0,0,1,0,0,5,12,0.42,0.0,0.3,0.025,0.025,0.834921,0.146032,0.025,0.5,0,2,1,0,2,0.1935,0.0,0.4032,0,0.1065,0,0,CHECK
2,0,200.0,0.0,0.0,0.0,5,2,0,1,0.33,0,0,0,0,0,0,0,0,1,0,0,5,12,0.42,0.0,0.3,0.0035,0.0035,0.899054,0.082019,0.0035,0.5,0,2,1,0,2,0.1935,0.0,0.4032,0,0.1065,0,0,CHECK
2,0,200.0,0.0,0.0,0.0,5,2,0,5,1.18,1,0,0,0,0,0,0,0,1,0,0,5,12,0.42,0.0,0.3,0.251,0.251,0.463977,0.524496,0.251,0.5,0,2,1,0,2,0.1935,0.0,0.4032,0,0.1065,0,0,CHECK
2,0,200.0,0.0,0.0,0.0,5,2,0,6,1.325,1,0,0,0,1,4,0,0,1,0,0,5,12,0.42,0.0,0.3,0.4865,0.4865,0.302469,0.697531,0.4865,0.5,0,2,1,0,2,0.1935,0.0,0.4032,0,0.1065,0,0,BET
2,0,200.0,0.0,0.0,0.0,5,2,0,6,1.329,1,0,0,0,0,0,0,0,1,0,0,5,12,0.42,0.0,0.3,0.4805,0.4805,0.302469,0.691358,0.4805,0.5,0,2,1,0,2,0.1935,0.0,0.4032,0,0.1065,0,0,BET
2,0,200.0,0.0,0.0,0.0,5,2,0,6,1.331,1,0,0,0,0,0,0,0,1,0,0,5,12,0.42,0.0,0.3,0.49925,0.49925,0.285714,0.707937,0.49925,0.5,0,2,1,0,2,0.1935,0.0,0.4032,0,0.1065,0,0,BET
2,0,200.0,0.0,0.0,0.0,5,2,0,7,1.333,1,0,0,0,0,0,0,0,1,0,0,5,12,0.42,0.0,0.3,0.55775,0.55775,0.217252,0.744409,0.55775,0.5,0,2,1,0,2,0.1935,0.0,0.4032,0,0.1065,0,0,BET
2,0,200.0,0.0,0.0,0.0,5,2,0,12,3.53,1,1,1,0,0,0,0,0,1,0,0,5,12,0.42,0.0,0.3,0.881,0.881,0.074074,0.925926,0.881,0.5,0,2,1,0,2,0.1935,0.0,0.4032,0,0.1065,0,0,BET
2,0,200.0,0.0,0.0,0.0,5,2,0,12,3.58,1,1,1,0,0,0,0,0,1,0,0,5,12,0.42,0.0,0.3,0.919,0.919,0.040346,0.959654,0.919,0.5,0,2,1,0,2,0.1935,0.0,0.4032,0,0.1065,0,0,BET
0,1,90.0,33.0,0.268293,0.366667,5,2,0,0,0.16,0,0,0,0,0,0,0,1,0,0,0,2,11,0.25,0.25,0.0,0.07425,0.07425,1.0,0.0,-0.194043,1.1111,0,1,0,0,2,0.3899,0.0231,0.3103,0,-0.0899,0,1,FOLD
0,1,90.0,33.0,0.268293,0.366667,5,2,0,0,0.2,0,0,0,0,0,0,0,1,0,0,0,2,11,0.25,0.25,0.0,0.10375,0.10375,0.960563,0.039437,-0.164543,1.1111,0,1,0,0,2,0.3899,0.0231,0.3103,0,-0.0899,0,1,FOLD
0,1,90.0,33.0,0.268293,0.366667,5,2,0,0,0.19,0,0,0,0,1,4,0,1,0,0,0,2,11,0.25,0.25,0.0,0.20175,0.20175,0.961111,0.038889,-0.066543,1.1111,0,1,0,0,2,0.3899,0.0231,0.3103,0,-0.0899,0,1,FOLD
0,1,90.0,33.0,0.268293,0.366667,5,2,0,1,0.32,0,0,0,1,0,9,0,1,0,0,0,2,11,0.25,0.25,0.0,0.37275,0.37275,0.931429,0.068571,0.104457,1.1111,0,1,0,0,2,0.3899,0.0231,0.3103,0,-0.0899,0,1,CALL
0,1,90.0,33.0,0.268293,0.366667,5,2,0,0,0.17,0,0,0,1,1,13,0,1,0,0,0,2,11,0.25,0.25,0.0,0.4425,0.4425,0.967302,0.016349,0.174207,1.1111,0,1,0,0,2,0.3899,0.0231,0.3103,0,-0.0899,0,1,CALL
0,1,90.0,33.0,0.268293,0.366667,5,2,0,2,0.44,0,0,0,0,0,0,0,1,0,0,0,2,11,0.25,0.25,0.0,0.2485,0.2485,0.578125,0.365625,-0.019793,1.1111,0,1,0,0,2,0.3899,0.0231,0.3103,0,-0.0899,0,1,CALL
0,1,90.0,33.0,0.268293,0.366667,5,2,0,5,1.18,1,0,0,0,0,0,0,1,0,0,0,2,11,0.25,0.25,0.0,0.34475,0.34475,0.33515,0.653951,0.076457,1.1111,0,1,0,0,2,0.3899,0.0231,0.3103,0,-0.0899,0,1,CALL
0,1,90.0,33.0,0.268293,0.366667,5,2,0,6,1.315,1,0,0,0,0,0,0,1,0,0,0,2,11,0.25,0.25,0.0,0.3855,0.3855,0.227273,0.772727,0.117207,1.1111,0,1,0,0,2,0.3899,0.0231,0.3103,0,-0.0899,0,1,CALL
0,1,90.0,33.0,0.268293,0.366667,5,2,0,6,1.32,1,0,0,0,0,0,0,1,0,0,0,2,11,0.25,0.25,0.0,0.4125,0.4125,0.212644,0.781609,0.144207,1.1111,0,1,0,0,2,0.3899,0.0231,0.3103,0,-0.0899,0,1,CALL
0,1,90.0,45.0,0.333333,0.5,3,5,1,0,0.17,0,0,0,0,0,0,0,0,1,0,0,2,13,0.0,0.0,0.0,0.0535,0.0535,0.999567,0.000433,-0.279833,1.1111,0,0,0,1,2,0.3011,0.0,0.2652,1,-0.0011,0,1,FOLD
0,1,90.0,45.0,0.333333,0.5,3,5,1,0,0.22,0,0,0,0,1,4,0,0,1,0,0,2,13,0.0,0.0,0.0,0.223,0.223,0.990875,0.007723,-0.110333,1.1111,0,0,0,1,2,0.3011,0.0,0.2652,1,-0.0011,0,1,FOLD
0,1,90.0,45.0,0.333333,0.5,3,5,1,0,0.2,0,0,0,0,0,0,0,0,1,0,0,2,13,0.0,0.0,0.0,0.1185,0.1185,0.997789,0.001871,-0.214833,1.1111,0,0,0,1,2,0.3011,0.0,0.2652,1,-0.0011,0,1,FOLD
0,1,90.0,45.0,0.333333,0.5,3,5,1,0,0.16,0,0,0,0,0,0,0,0,1,0,0,2,13,0.0,0.0,0.0,0.1145,0.1145,0.999671,0.0,-0.218833,1.1111,0,0,0,1,2,0.3011,0.0,0.2652,1,-0.0011,0,1,FOLD
0,1,90.0,45.0,0.333333,0.5,3,5,1,5,1.19,1,0,0,0,0,0,0,0,1,0,0,2,13,0.0,0.0,0.0,0.248,0.248,0.611828,0.38695,-0.085333,1.1111,0,0,0,1,2,0.3011,0.0,0.2652,1,-0.0011,0,1,FOLD
0,1,90.0,45.0,0.333333,0.5,3,5,1,5,1.19,1,0,0,0,0,0,0,0,1,0,0,2,13,0.0,0.0,0.0,0.27575,0.27575,0.633272,0.36557,-0.057583,1.1111,0,0,0,1,2,0.3011,0.0,0.2652,1,-0.0011,0,1,FOLD
0,1,90.0,45.0,0.333333,0.5,3,5,1,6,1.334,1,0,0,0,0,0,0,0,1,0,0,2,13,0.0,0.0,0.0,0.44425,0.44425,0.263198,0.736802,0.110917,1.1111,0,0,0,1,2,0.3011,0.0,0.2652,1,-0.0011,0,1,CALL
0,1,90.0,45.0,0.333333,0.5,3,5,1,6,1.341,1,0,0,0,0,0,0,0,1,0,0,2,13,0.0,0.0,0.0,0.471,0.471,0.276961,0.72161,0.137667,1.1111,0,0,0,1,2,0.3011,0.0,0.2652,1,-0.0011,0,1,CALL
0,1,90.0,45.0,0.333333,0.5,3,5,1,9,1.64,1,0,0,0,0,0,0,0,1,0,0,2,13,0.0,0.0,0.0,0.6465,0.6465,0.094718,0.883863,0.313167,1.1111,0,0,0,1,2,0.3011,0.0,0.2652,1,-0.0011,0,1,CALL
1,1,156.0,60.0,0.277778,0.384615,3,2,1,0,0.21,0,0,0,0,0,0,0,0,1,0,0,2,12,0.08,0.0,0.0,0.05575,0.05575,0.831099,0.144772,-0.222028,0.641,0,2,0,0,2,0.3627,0.0,0.3547,0,-0.0627,0,1,FOLD
1,1,156.0,60.0,0.277778,0.384615,3,2,1,0,0.19,0,0,0,0,1,4,0,0,1,0,0,2,12,0.08,0.0,0.0,0.126,0.126,0.957333,0.018667,-0.151778,0.641,0,2,0,0,2,0.3627,0.0,0.3547,0,-0.0627,0,1,FOLD
1,1,156.0,60.0,0.277778,0.384615,3,2,1,1,0.34,0,0,0,0,1,4,0,0,1,0,0,2,12,0.08,0.0,0.0,0.1385,0.1385,0.64,0.352,-0.139278,0.641,0,2,0,0,2,0.3627,0.0,0.3547,0,-0.0627,0,1,FOLD
1,1,156.0,60.0,0.277778,0.384615,3,2,1,12,3.55,1,1,1,0,0,0,0,0,1,0,0,2,12,0.08,0.0,0.0,0.9095,0.9095,0.015038,0.984962,0.631722,0.641,0,2,0,0,2,0.3627,0.0,0.3547,0,-0.0627,0,1,RAISE
1,1,156.0,60.0,0.277778,0.384615,3,2,1,6,1.331,1,0,0,0,0,0,0,0,1,0,0,2,12,0.08,0.0,0.0,0.56425,0.56425,0.110215,0.873656,0.286472,0.641,0,2,0,0,2,0.3627,0.0,0.3547,0,-0.0627,0,1,CALL
1,1,156.0,60.0,0.277778,0.384615,3,2,1,6,1.33,1,0,0,0,0,0,0,0,1,0,0,2,12,0.08,0.0,0.0,0.56475,0.56475,0.132075,0.851752,0.286972,0.641,0,2,0,0,2,0.3627,0.0,0.3547,0,-0.0627,0,1,CALL
1,1,156.0,60.0,0.277778,0.384615,3,2,1,5,1.17,1,0,0,0,0,0,0,0,1,0,0,2,12,0.08,0.0,0.0,0.312,0.312,0.318182,0.676768,0.034222,0.641,0,2,0,0,2,0.3627,0.0,0.3547,0,-0.0627,0,1,FOLD
1,1,156.0,60.0,0.277778,0.384615,3,2,1,7,1.333,1,0,0,0,0,0,0,0,1,0,0,2,12,0.08,0.0,0.0,0.6305,0.6305,0.083784,0.9,0.352722,0.641,0,2,0,0,2,0.3627,0.0,0.3547,0,-0.0627,0,1,CALL
1,1,156.0,60.0,0.277778,0.384615,3,2,1,6,1.331,1,0,0,0,0,0,0,0,1,0,0,2,12,0.08,0.0,0.0,0.56175,0.56175,0.110215,0.873656,0.283972,0.641,0,2,0,0,2,0.3627,0.0,0.3547,0,-0.0627,0,1,CALL
2,1,280.0,140.0,0.333333,0.5,5,2,0,0,0.23,0,0,0,0,1,4,0,0,1,0,0,5,14,0.42,0.0,0.3,0.229972,0.229972,0.747211,0.207156,-0.103361,0.3571,0,2,1,0,1,0.6661,0.0,0.233,0,-0.3661,0,1,FOLD
2,1,280.0,140.0,0.333333,0.5,5,2,0,13,4.1,1,1,1,0,0,0,0,0,1,0,0,5,14,0.42,0.0,0.3,0.982309,0.982309,0.0,0.964618,0.648976,0.3571,0,2,1,0,1,0.6661,0.0,0.233,0,-0.3661,0,1,RAISE
2,1,280.0,140.0,0.333333,0.5,5,2,0,4,1.01,1,0,0,0,0,0,0,0,1,0,0,5,14,0.42,0.0,0.3,0.318058,0.318058,0.681602,0.317719,-0.015275,0.3571,0,2,1,0,1,0.6661,0.0,0.233,0,-0.3661,0,1,FOLD
2,1,280.0,140.0,0.333333,0.5,5,2,0,5,1.19,1,0,0,0,1,4,0,0,1,0,0,5,14,0.42,0.0,0.3,0.340894,0.340894,0.658423,0.34021,0.007561,0.3571,0,2,1,0,1,0.6661,0.0,0.233,0,-0.3661,0,1,CALL
2,1,280.0,140.0,0.333333,0.5,5,2,0,6,1.345,1,0,0,0,0,0,0,0,1,0,0,5,14,0.42,0.0,0.3,0.438383,0.438383,0.55805,0.434815,0.10505,0.3571,0,2,1,0,1,0.6661,0.0,0.233,0,-0.3661,0,1,FOLD
2,1,280.0,140.0,0.333333,0.5,5,2,0,6,1.351,1,0,0,0,0,0,0,0,1,0,0,5,14,0.42,0.0,0.3,0.438418,0.438418,0.557874,0.434709,0.105085,0.3571,0,2,1,0,1,0.6661,0.0,0.233,0,-0.3661,0,1,CALL
2,1,280.0,140.0,0.333333,0.5,5,2,0,7,1.353,1,0,0,0,0,0,0,0,1,0,0,5,14,0.42,0.0,0.3,0.538362,0.538362,0.434818,0.511541,0.205029,0.3571,0,2,1,0,1,0.6661,0.0,0.233,0,-0.3661,0,1,CALL
2,1,280.0,140.0,0.333333,0.5,5,2,0,10,2.5225,1,1,0,0,0,0,0,0,1,0,0,5,14,0.42,0.0,0.3,0.785795,0.785795,0.214205,0.785795,0.452462,0.3571,0,2,1,0,1,0.6661,0.0,0.233,0,-0.3661,0,1,CALL
2,1,280.0,140.0,0.333333,0.5,5,2,0,12,3.53,1,1,1,0,0,0,0,0,1,0,0,5,14,0.42,0.0,0.3,0.811715,0.811715,0.188285,0.811715,0.478382,0.3571,0,2,1,0,1,0.6661,0.0,0.233,0,-0.3661,0,1,RAISE
0,1,155.0,35.0,0.184211,0.225806,5,2,0,0,0.15,0,0,0,0,0,0,0,0,1,0,0,2,13,0.0,0.0,0.0,0.08525,0.08525,0.982659,0.0,-0.098961,0.6452,0,1,0,0,2,0.3174,0.0878,0.1856,0,-0.0174,1,1,FOLD
0,1,155.0,35.0,0.184211,0.225806,5,2,0,0,0.2,0,0,0,0,1,4,0,0,1,0,0,2,13,0.0,0.0,0.0,0.177,0.177,0.917404,0.064897,-0.007211,0.6452,0,1,0,0,2,0.3174,0.0878,0.1856,0,-0.0174,1,1,FOLD
0,1,155.0,35.0,0.184211,0.225806,5,2,0,0,0.22,0,0,0,0,1,8,0,0,1,0,0,2,13,0.0,0.0,0.0,0.29,0.29,0.88685,0.100917,0.105789,0.6452,0,1,0,0,2,0.3174,0.0878,0.1856,0,-0.0174,1,1,CALL
0,1,155.0,35.0,0.184211,0.225806,5,2,0,3,1.06,1,0,0,0,0,0,0,0,1,0,0,2,13,0.0,0.0,0.0,0.25575,0.25575,0.545977,0.442529,0.071539,0.6452,0,1,0,0,2,0.3174,0.0878,0.1856,0,-0.0174,1,1,FOLD
0,1,155.0,35.0,0.184211,0.225806,5,2,0,6,1.34,1,0,0,0,0,0,0,0,1,0,0,2,13,0.0,0.0,0.0,0.42975,0.42975,0.189602,0.804281,0.245539,0.6452,0,1,0,0,2,0.3174,0.0878,0.1856,0,-0.0174,1,1,CALL
0,1,155.0,35.0,0.184211,0.225806,5,2,0,7,1.342,1,0,0,0,0,0,0,0,1,0,0,2,13,0.0,0.0,0.0,0.46275,0.46275,0.138365,0.823899,0.278539,0.6452,0,1,0,0,2,0.3174,0.0878,0.1856,0,-0.0174,1,1,CALL
0,1,155.0,35.0,0.184211,0.225806,5,2,0,10,2.6775,1,1,0,0,0,0,0,0,1,0,0,2,13,0.0,0.0,0.0,0.71175,0.71175,0.030864,0.962963,0.527539,0.6452,0,1,0,0,2,0.3174,0.0878,0.1856,0,-0.0174,1,1,CALL
0,1,155.0,35.0,0.184211,0.225806,5,2,0,5,1.21,1,0,0,0,0,0,0,0,1,0,0,2,13,0.0,0.0,0.0,0.31575,0.31575,0.347432,0.646526,0.131539,0.6452,0,1,0,0,2,0.3174,0.0878,0.1856,0,-0.0174,1,1,FOLD
0,1,155.0,35.0,0.184211,0.225806,5,2,0,1,0.34,0,0,0,0,1,8,0,0,1,0,0,2,13,0.0,0.0,0.0,0.251,0.251,0.711974,0.229773,0.066789,0.6452,0,1,0,0,2,0.3174,0.0878,0.1856,0,-0.0174,1,1,CALL
0,1,90.0,25.0,0.217391,0.277778,5,2,0,1,0.33,0,0,0,0,0,0,0,1,0,0,0,2,10,0.25,0.25,0.0,0.08,0.08,0.887324,0.112676,-0.137391,1.1111,0,1,0,0,2,0.4049,0.0445,0.2794,0,-0.1049,0,1,FOLD
0,1,90.0,25.0,0.217391,0.277778,5,2,0,1,0.32,0,0,0,0,0,0,0,1,0,0,0,2,10,0.25,0.25,0.0,0.075,0.075,0.926346,0.073654,-0.142391,1.1111,0,1,0,0,2,0.4049,0.0445,0.2794,0,-0.1049,0,1,FOLD
0,1,90.0,25.0,0.217391,0.277778,5,2,0,0,0.17,0,0,0,1,1,13,0,1,0,0,0,2,10,0.25,0.25,0.0,0.44175,0.44175,0.946237,0.037634,0.224359,1.1111,0,1,0,0,2,0.4049,0.0445,0.2794,0,-0.1049,0,1,CALL
0,1,90.0,25.0,0.217391,0.277778,5,2,0,2,0.44,0,0,0,0,0,0,0,1,0,0,0,2,10,0.25,0.25,0.0,0.27625,0.27625,0.522796,0.422492,0.058859,1.1111,0,1,0,0,2,0.4049,0.0445,0.2794,0,-0.1049,0,1,CALL
0,1,90.0,25.0,0.217391,0.277778,5,2,0,0,0.19,0,0,0,0,1,8,0,1,0,0,0,2,10,0.25,0.25,0.0,0.3245,0.3245,0.940701,0.059299,0.107109,1.1111,0,1,0,0,2,0.4049,0.0445,0.2794,0,-0.1049,0,1,CALL
0,1,90.0,25.0,0.217391,0.277778,5,2,0,1,0.31,0,0,0,0,1,8,0,1,0,0,0,2,10,0.25,0.25,0.0,0.33175,0.33175,0.92437,0.067227,0.114359,1.1111,0,1,0,0,2,0.4049,0.0445,0.2794,0,-0.1049,0,1,CALL
0,1,90.0,25.0,0.217391,0.277778,5,2,0,12,3.53,1,1,1,0,0,0,0,1,0,0,0,2,10,0.25,0.25,0.0,0.764,0.764,0.031579,0.968421,0.546609,1.1111,0,1,0,0,2,0.4049,0.0445,0.2794,0,-0.1049,0,1,RAISE
0,1,90.0,25.0,0.217391,0.277778,5,2,0,6,1.307,1,0,0,0,0,0,0,1,0,0,0,2,10,0.25,0.25,0.0,0.40275,0.40275,0.224044,0.775956,0.185359,1.1111,0,1,0,0,2,0.4049,0.0445,0.2794,0,-0.1049,0,1,CALL
0,1,90.0,25.0,0.217391,0.277778,5,2,0,5,1.18,1,0,0,0,0,0,0,1,0,0,0,2,10,0.25,0.25,0.0,0.35525,0.35525,0.28877,0.700535,0.137859,1.1111,0,1,0,0,2,0.4049,0.0445,0.2794,0,-0.1049,0,1,CALL
0,1,210.0,60.0,0.222222,0.285714,3,2,1,0,0.23,0,0,0,0,1,8,0,0,1,0,0,2,14,0.0,0.0,0.0,0.20825,0.20825,0.651429,0.331429,-0.013972,0.4762,0,1,0,0,2,0.2427,0.0456,0.1784,0,0.0573,0,1,FOLD
0,1,210.0,60.0,0.222222,0.285714,3,2,1,0,0.2,0,0,0,0,0,0,0,0,1,0,0,2,14,0.0,0.0,0.0,0.0765,0.0765,0.876081,0.097983,-0.145722,0.4762,0,1,0,0,2,0.2427,0.0456,0.1784,0,0.0573,0,1,FOLD
0,1,210.0,60.0,0.222222,0.285714,3,2,1,3,1.05,1,0,0,0,0,0,0,0,1,0,0,2,14,0.0,0.0,0.0,0.1575,0.1575,0.568421,0.426316,-0.064722,0.4762,0,1,0,0,2,0.2427,0.0456,0.1784,0,0.0573,0,1,FOLD
0,1,210.0,60.0,0.222222,0.285714,3,2,1,6,1.351,1,0,0,0,0,0,0,0,1,0,0,2,14,0.0,0.0,0.0,0.4735,0.4735,0.080597,0.901493,0.251278,0.4762,0,1,0,0,2,0.2427,0.0456,0.1784,0,0.0573,0,1,CALL
0,1,210.0,60.0,0.222222,0.285714,3,2,1,6,1.351,1,0,0,0,0,0,0,0,1,0,0,2,14,0.0,0.0,0.0,0.453,0.453,0.080597,0.901493,0.230778,0.4762,0,1,0,0,2,0.2427,0.0456,0.1784,0,0.0573,0,1,CALL
0,1,210.0,60.0,0.222222,0.285714,3,2,1,7,1.353,1,0,0,0,0,0,0,0,1,0,0,2,14,0.0,0.0,0.0,0.55,0.55,0.057229,0.924699,0.327778,0.4762,0,1,0,0,2,0.2427,0.0456,0.1784,0,0.0573,0,1,CALL
0,1,210.0,60.0,0.222222,0.285714,3,2,1,10,2.73,1,1,0,0,0,0,0,0,1,0,0,2,14,0.0,0.0,0.0,0.64725,0.64725,0.053521,0.946479,0.425028,0.4762,0,1,0,0,2,0.2427,0.0456,0.1784,0,0.0573,0,1,CALL
0,1,210.0,60.0,0.222222,0.285714,3,2,1,12,3.55,1,1,1,0,0,0,0,0,1,0,0,2,14,0.0,0.0,0.0,0.792,0.792,0.015915,0.984085,0.569778,0.4762,0,1,0,0,2,0.2427,0.0456,0.1784,0,0.0573,0,1,RAISE
2,1,500.0,200.0,0.285714,0.4,3,2,1,13,4.11,1,1,1,0,0,0,0,0,1,1,0,2,11,0.27,0.0,0.0,0.9035,0.9035,0.04065,0.95935,0.617786,0.2,0,1,1,2,2,0.6989,0.0,0.3011,1,-0.3989,0,1,CALL
2,1,500.0,200.0,0.285714,0.4,3,2,1,11,3.07,1,1,1,0,0,0,0,0,1,1,0,2,11,0.27,0.0,0.0,0.8925,0.8925,0.040486,0.959514,0.606786,0.2,0,1,1,2,2,0.6989,0.0,0.3011,1,-0.3989,0,1,CALL
2,1,500.0,200.0,0.285714,0.4,3,2,1,15,6.5675,1,1,1,0,0,0,0,0,1,1,0,2,11,0.27,0.0,0.0,0.9945,0.9945,0.004184,0.995816,0.708786,0.2,0,1,1,2,2,0.6989,0.0,0.3011,1,-0.3989,0,1,RAISE
2,1,500.0,200.0,0.285714,0.4,3,2,1,15,6.4675,1,1,1,0,0,0,0,0,1,1,0,2,11,0.27,0.0,0.0,0.916,0.916,0.01581,0.98419,0.630286,0.2,0,1,1,2,2,0.6989,0.0,0.3011,1,-0.3989,0,1,RAISE
2,1,500.0,200.0,0.285714,0.4,3,2,1,2,0.44,0,0,0,0,0,0,0,0,1,1,0,2,11,0.27,0.0,0.0,0.10425,0.10425,0.591111,0.368889,-0.181464,0.2,0,1,1,2,2,0.6989,0.0,0.3011,1,-0.3989,0,1,FOLD
2,1,500.0,200.0,0.285714,0.4,3,2,1,11,3.07,1,1,1,0,0,0,0,0,1,1,0,2,11,0.27,0.0,0.0,0.88725,0.88725,0.037657,0.958159,0.601536,0.2,0,1,1,2,2,0.6989,0.0,0.3011,1,-0.3989,0,1,CALL
2,1,500.0,200.0,0.285714,0.4,3,2,1,15,6.2675,1,1,1,0,0,0,0,0,1,1,0,2,11,0.27,0.0,0.0,0.929,0.929,0.026316,0.973684,0.643286,0.2,0,1,1,2,2,0.6989,0.0,0.3011,1,-0.3989,0,1,RAISE
2,1,500.0,200.0,0.285714,0.4,3,2,1,15,6.3625,1,1,1,0,0,0,0,0,1,1,0,2,11,0.27,0.0,0.0,0.9035,0.9035,0.022727,0.977273,0.617786,0.2,0,1,1,2,2,0.6989,0.0,0.3011,1,-0.3989,0,1,RAISE
2,1,500.0,200.0,0.285714,0.4,3,2,1,10,2.5675,1,1,0,0,0,0,0,0,1,1,0,2,11,0.27,0.0,0.0,0.48925,0.48925,0.137778,0.835556,0.203536,0.2,0,1,1,2,2,0.6989,0.0,0.3011,1,-0.3989,0,1,CALL
